question,respostas,A2,A3,A4,A5,B4,B6,B8,B9,B10,B11,B12,C1,C2,C3,C4,C8,D4,E1,E2,G4,G5,H1
1002,32,0,1,0,0,0,0,0,0,0,0,0,0,0,0,0,0,0,0,0,6,0,0
1018,34,0,3,0,1,0,0,0,0,0,0,0,0,0,0,0,0,0,0,0,11,0,0
1019,34,0,1,0,0,0,0,0,0,0,0,0,0,0,0,0,0,0,0,0,9,0,0
1020,36,0,1,0,0,0,0,0,0,0,0,0,0,0,0,0,0,0,0,0,12,0,0
1021,27,0,3,0,0,0,0,0,0,0,0,0,0,0,0,0,0,0,0,0,7,0,0
1022,25,0,1,1,0,0,0,0,0,0,0,0,0,0,0,0,0,0,0,0,5,0,0
1023,30,0,0,0,0,0,0,0,0,0,0,0,0,0,0,0,0,0,0,0,14,0,0
1024,36,0,2,0,0,0,0,0,0,0,0,0,0,0,0,0,0,0,0,0,4,0,0
1025,34,0,2,0,0,0,0,0,0,0,0,0,0,0,0,0,0,0,0,0,7,0,0
1026,27,0,1,0,0,0,0,0,0,0,0,0,0,0,0,0,0,0,0,0,9,0,0
1027,86,0,4,1,0,0,0,0,0,0,0,0,0,0,0,0,0,0,0,0,32,0,0
1028,85,0,4,0,1,0,0,0,0,0,0,0,0,0,0,0,0,0,0,0,28,0,0
1029,85,0,7,0,0,0,0,0,0,0,0,0,0,0,0,0,0,0,0,0,29,0,0
1030,70,0,3,1,0,0,0,0,0,0,0,0,0,0,0,0,0,0,0,0,30,0,0
1031,63,0,4,0,0,0,0,0,0,0,0,0,0,0,0,0,0,0,0,0,28,0,0
1032,74,0,2,0,0,0,0,0,0,0,0,0,0,0,0,0,0,0,0,0,26,0,0
1033,32,0,3,0,0,0,0,0,0,0,0,0,0,0,0,0,0,0,0,0,6,0,0
1034,40,0,3,0,0,0,0,0,0,0,0,0,0,0,0,0,0,0,0,0,6,0,0
1035,29,0,2,0,0,0,0,0,0,0,0,0,0,0,0,0,0,0,0,0,7,0,0
1036,28,0,3,0,0,0,0,0,0,0,0,0,0,0,0,0,0,0,0,0,7,0,0
1037,34,0,4,0,1,0,0,0,0,0,0,0,0,0,0,0,0,0,0,0,5,0,0
1038,36,0,1,0,0,0,0,0,0,0,0,0,0,0,0,0,0,0,0,0,9,0,0
1080,51,0,0,0,0,1,0,0,0,0,0,0,0,0,0,0,0,0,0,0,37,0,0
1081,59,0,0,0,0,0,0,1,0,0,0,0,0,0,0,0,0,0,0,0,30,0,0
1082,60,0,1,0,0,0,0,0,0,0,0,0,0,0,0,0,0,0,0,0,47,0,0
1083,53,0,0,0,0,0,0,1,0,0,0,0,0,0,0,0,0,0,0,0,31,0,0
1084,50,0,0,0,0,0,0,1,0,0,0,0,0,0,0,0,0,0,0,0,33,0,0
1085,59,0,0,0,1,0,0,1,1,0,0,0,0,0,0,0,0,0,0,0,41,0,1
1086,66,0,0,0,1,0,0,0,0,0,0,0,0,0,0,0,0,0,0,0,37,0,0
1087,66,0,0,0,0,0,0,1,0,0,0,0,0,0,0,0,0,0,0,0,41,0,0
1088,56,0,1,0,0,0,0,0,0,0,0,0,0,0,0,0,0,0,0,0,41,0,0
1089,49,0,0,0,0,0,0,0,0,0,0,0,0,0,0,0,0,0,0,0,11,0,1
1090,46,1,0,0,0,0,0,0,0,0,0,0,0,0,0,0,0,0,0,0,15,0,0
1091,53,0,4,0,0,1,0,3,0,0,0,0,0,0,0,0,0,0,0,0,37,0,0
1092,56,0,3,0,0,0,0,0,0,0,0,0,0,0,0,0,0,0,0,0,37,0,1
1093,68,0,7,0,0,0,0,2,0,0,0,0,0,0,0,0,0,0,0,0,48,0,2
1094,55,1,11,0,0,0,0,0,0,0,0,0,0,0,0,0,0,0,0,0,37,0,2
1095,56,1,6,0,0,0,0,0,0,0,0,0,0,0,0,0,0,0,0,0,39,0,0
1096,56,0,4,0,1,0,0,0,0,0,0,0,0,0,0,0,0,0,0,0,30,0,0
1097,64,0,2,0,1,0,0,0,0,0,0,0,0,0,0,0,0,0,0,0,37,0,1
1098,54,2,0,0,0,0,0,2,0,0,0,0,0,0,0,0,0,0,0,0,38,0,0
1109,53,0,1,0,0,2,0,36,13,0,1,0,0,0,0,0,0,0,1,0,19,0,0
1110,19,0,2,0,0,1,0,13,0,0,0,0,0,0,0,0,0,0,4,0,11,0,1
1111,37,0,2,0,0,0,0,17,17,0,0,0,0,0,0,0,0,0,0,0,26,0,1
1112,22,0,1,0,1,0,0,7,10,0,0,0,0,0,0,0,0,0,0,0,12,0,0
1113,44,0,1,0,0,2,0,28,5,0,0,0,0,0,0,0,0,0,1,0,22,0,0
1114,46,0,1,0,2,8,0,26,6,0,1,0,0,0,0,0,0,0,0,0,30,0,1
1115,57,0,2,0,0,5,0,24,0,0,0,0,0,0,0,0,0,0,0,0,32,0,0
1116,28,0,0,0,0,4,0,17,0,0,0,0,0,0,0,0,0,0,0,0,26,0,0
1117,27,2,3,0,0,9,0,16,0,0,1,0,0,0,0,0,0,0,0,0,12,0,1
1118,53,0,0,0,0,0,0,2,0,0,0,0,0,0,0,0,0,0,2,0,2,0,0
1119,69,0,2,0,0,2,0,10,0,0,0,0,0,0,0,0,0,0,15,0,63,0,0
1120,48,0,1,0,0,0,0,8,0,0,0,0,0,0,0,0,0,0,8,0,39,0,1
1122,66,0,1,0,0,1,0,10,0,0,0,0,0,0,0,0,0,0,15,0,44,0,2
1125,44,0,0,0,0,0,0,5,0,0,0,0,0,0,0,0,0,0,5,0,38,0,0
1126,54,0,0,0,0,2,0,11,1,0,0,0,0,0,0,0,0,0,13,0,40,0,1
1127,50,0,0,0,0,0,0,8,0,0,0,0,0,0,0,0,0,0,9,0,36,0,0
1146,44,0,1,0,0,1,0,7,0,0,0,0,0,0,0,0,0,0,7,0,33,0,0
1147,43,0,0,0,0,41,0,9,0,0,0,0,0,0,0,0,0,0,11,0,39,0,0
1148,55,0,1,0,0,2,0,9,0,0,0,0,0,0,0,0,0,0,10,0,43,0,0
1149,42,0,1,0,0,1,0,10,0,0,0,0,0,0,0,0,0,0,10,0,26,0,0
1152,26,0,1,0,0,0,0,0,0,0,0,0,0,0,0,0,0,0,0,0,18,0,0
1154,17,0,1,0,0,0,0,0,0,0,0,0,0,0,0,0,0,0,0,0,15,0,0
1155,19,0,1,0,0,0,0,0,0,0,0,0,0,0,0,0,0,0,0,0,11,0,0
1157,22,0,2,0,0,0,0,0,0,0,0,0,0,0,0,0,0,0,0,0,11,0,0
1158,16,0,5,0,0,0,0,0,0,0,0,0,0,0,0,0,0,0,0,0,9,0,0
1159,18,0,2,0,0,0,0,0,0,0,0,0,0,0,0,0,0,0,0,0,17,0,0
1161,22,0,3,0,0,0,0,0,0,0,0,0,0,0,0,0,0,0,0,0,20,0,0
1163,18,0,4,0,0,0,0,0,0,0,0,0,0,0,0,0,0,0,0,0,8,0,0
1164,21,0,0,0,0,0,0,0,0,0,0,0,0,0,0,0,0,0,0,0,15,0,0
1166,17,1,1,0,0,1,0,0,0,0,0,0,0,0,0,0,0,0,0,0,15,0,0
1167,21,0,1,0,0,0,0,0,0,0,0,0,0,0,0,0,0,0,0,0,20,0,0
1169,19,0,2,0,0,0,0,0,0,0,0,0,0,0,0,0,0,0,0,0,16,0,0
1170,16,0,2,0,0,0,0,0,0,0,0,0,0,0,0,0,0,0,0,0,16,0,0
1174,25,0,1,0,0,0,0,0,0,0,0,0,0,0,0,0,0,0,0,0,24,0,0
1175,27,0,0,0,0,1,0,0,0,0,0,0,0,0,0,0,0,0,0,0,24,0,0
1192,19,0,2,0,0,0,0,18,0,0,0,0,0,0,0,0,0,0,0,0,12,0,0
1193,22,0,0,0,0,0,0,20,0,0,0,0,0,0,0,0,0,0,0,0,17,0,0
1194,23,0,3,0,0,0,0,20,0,0,0,0,0,0,0,0,0,0,0,0,21,0,0
1196,20,0,3,0,0,0,0,16,0,0,0,0,0,0,0,0,0,0,0,0,16,0,0
1197,19,0,1,0,0,0,0,16,0,0,0,0,0,0,0,0,0,0,0,0,17,0,1
1198,16,0,5,0,0,0,0,12,0,0,0,0,0,0,0,0,0,0,0,0,14,0,0
1200,22,0,1,0,0,0,0,16,0,0,0,0,0,0,0,0,0,0,0,0,18,0,0
1203,16,0,1,0,0,0,0,14,0,0,0,0,0,0,0,0,0,0,0,0,10,0,0
1204,18,0,0,0,0,0,0,18,0,0,0,0,0,0,0,0,0,0,0,0,10,0,0
1205,30,0,2,0,0,0,0,28,0,0,0,0,0,0,0,0,0,0,0,0,17,0,0
1206,17,0,0,0,0,0,0,16,0,0,0,0,0,0,0,0,0,0,0,0,11,0,0
1207,17,0,0,0,0,1,0,14,0,0,0,0,0,0,0,0,0,0,0,0,11,0,0
1208,17,0,0,0,0,0,0,16,0,0,0,0,0,0,0,0,0,0,0,0,10,0,0
1210,27,0,4,0,0,0,0,24,0,0,0,0,0,0,0,0,0,0,0,0,16,0,0
1211,22,0,1,0,0,0,0,20,0,0,0,0,0,0,0,0,0,0,0,0,16,0,0
1212,24,0,0,0,0,0,0,23,0,0,0,0,0,0,0,0,0,0,0,0,14,0,0
1213,17,0,0,0,0,0,0,16,0,0,0,0,0,0,0,0,0,0,0,0,13,0,0
1214,18,0,1,0,0,0,0,17,0,0,0,0,0,0,0,0,0,0,0,0,13,0,0
1247,24,0,2,0,0,0,0,24,0,0,0,0,0,0,0,0,0,0,0,0,24,0,0
1248,20,0,0,0,0,0,0,20,0,0,0,0,0,0,0,0,0,0,0,0,20,0,0
1249,21,0,1,0,0,0,0,20,0,0,0,0,0,0,0,0,2,0,0,0,21,0,0
1250,18,0,0,0,0,0,0,18,0,0,0,0,0,0,0,0,0,0,0,0,18,0,0
1251,19,0,2,0,0,0,0,19,0,0,0,0,0,0,0,0,0,0,0,0,18,0,0
1252,27,1,2,0,0,0,0,24,0,0,0,0,0,0,0,0,0,0,0,0,25,0,0
1253,23,0,3,0,0,0,0,22,0,0,0,0,0,0,0,0,0,0,0,0,23,0,0
1254,19,0,1,0,0,0,0,19,0,0,0,0,0,0,0,0,0,0,0,0,19,0,0
1257,24,0,0,0,0,0,0,24,0,0,0,0,0,0,0,0,0,0,0,0,23,0,0
1258,16,0,6,0,0,0,0,0,0,0,0,0,0,0,0,0,0,0,0,0,15,0,0
1260,16,0,5,0,0,0,0,1,0,0,0,0,0,0,0,0,1,0,0,0,15,0,0
1265,19,0,9,0,0,0,0,0,0,0,0,0,0,0,0,0,0,0,0,0,19,0,0
1349,18,0,4,0,0,0,0,0,0,0,0,0,0,0,0,0,0,0,0,0,13,0,0
1350,17,0,3,0,0,0,0,0,0,0,0,0,0,0,0,0,0,0,0,0,9,0,0
1354,19,0,3,0,0,0,0,0,0,0,0,0,0,0,0,0,0,0,0,0,12,0,1
1356,19,0,1,0,0,0,0,0,0,0,0,0,0,0,0,0,0,0,0,0,11,0,0
1361,31,0,3,0,0,0,0,0,0,0,0,0,0,0,0,0,0,0,0,0,16,0,0
1362,31,0,1,0,0,0,0,0,0,0,0,0,0,0,0,0,0,0,0,0,18,0,1
1363,35,0,2,0,1,0,0,0,0,0,0,0,0,0,0,0,0,0,0,0,19,0,0
1364,72,0,2,0,1,0,0,0,0,0,0,0,0,0,0,0,0,0,0,0,62,0,0
1365,68,0,6,1,0,0,0,0,0,0,0,0,0,0,0,0,0,0,0,0,56,0,0
1366,70,0,4,0,0,0,0,0,0,0,0,0,0,0,0,0,0,0,0,0,60,0,0
1367,36,0,9,0,0,0,0,0,0,0,0,0,0,0,0,0,0,0,0,0,16,0,2
1368,17,0,2,0,0,0,0,0,0,0,0,0,0,0,0,0,0,0,0,0,7,0,0
1369,30,0,4,0,0,0,0,0,0,0,0,0,0,0,0,0,0,0,0,0,13,0,0
1370,34,0,3,0,0,0,0,0,0,0,0,0,0,0,0,0,0,0,0,0,13,0,0
1371,35,0,6,1,0,0,0,0,0,0,0,0,0,0,0,0,0,0,0,0,18,0,0
1372,25,0,0,0,0,0,0,0,0,0,0,0,0,0,0,0,0,0,0,0,18,0,0
1379,17,0,3,0,0,0,0,0,0,0,0,0,0,0,0,0,0,0,0,0,9,0,0
1390,90,0,3,4,0,0,0,6,0,0,0,0,0,0,0,0,0,0,0,0,38,0,0
1391,72,0,3,0,0,0,0,4,1,0,0,0,0,0,0,0,0,0,0,0,24,0,2
1392,100,0,5,0,0,0,0,12,2,0,0,0,0,0,0,0,0,0,0,0,31,0,6
1393,71,0,1,0,0,0,0,8,1,0,0,0,0,0,0,0,0,0,0,0,39,0,0
1394,75,0,4,0,0,1,0,3,1,0,0,0,0,0,0,0,0,0,0,0,39,0,1
1395,53,0,0,0,0,1,0,5,1,0,0,0,0,0,0,0,0,0,0,0,20,0,1
1396,108,0,1,0,0,1,0,8,1,0,0,0,0,0,0,0,0,0,0,0,38,0,5
1397,54,0,3,0,0,0,0,1,0,0,0,0,0,0,0,0,0,0,0,0,27,0,0
1398,86,0,3,1,0,0,0,8,1,0,0,0,0,0,0,0,0,0,0,0,38,0,1
1399,55,0,2,0,0,0,0,7,0,0,0,0,0,0,0,0,0,0,0,0,26,0,0
1400,39,0,4,0,0,0,0,10,0,0,0,0,0,0,0,0,0,0,0,0,18,0,0
1401,44,0,5,0,0,0,0,12,0,0,0,0,0,0,0,0,0,0,0,0,14,0,0
1402,41,0,2,0,0,0,0,8,0,0,0,0,0,0,0,0,0,0,0,0,14,0,0
1403,42,0,6,0,0,0,0,9,0,0,0,0,0,0,0,0,0,0,0,0,10,0,0
1404,38,0,7,0,0,0,0,7,0,0,0,0,0,0,0,0,0,0,0,0,25,0,2
1405,33,0,2,0,0,0,0,5,0,0,0,0,0,0,0,0,0,0,0,0,15,0,0
1406,28,0,2,0,0,0,0,7,0,0,0,0,0,0,0,0,0,0,0,0,10,0,0
1407,41,0,4,0,0,1,0,2,0,0,0,0,0,0,0,0,0,0,0,0,33,0,0
1408,44,0,2,0,0,0,0,10,0,0,0,0,0,0,0,0,0,0,0,0,28,0,2
1409,37,0,1,1,0,0,0,10,0,0,0,0,0,0,0,0,0,0,0,0,21,0,1
1481,19,0,0,0,0,7,0,4,0,0,0,0,0,0,0,0,0,0,2,0,13,0,1
1483,17,0,0,0,0,17,0,9,1,0,0,0,0,0,0,0,0,0,1,0,9,0,2
1522,25,0,8,0,0,0,0,1,0,0,0,0,0,0,0,0,0,0,0,0,20,0,2
1523,38,0,8,0,0,1,0,0,0,0,0,0,0,0,1,0,0,0,0,0,31,0,0
1524,27,0,7,0,0,0,0,0,0,0,0,0,0,0,0,0,0,0,0,0,17,0,0
1525,25,0,2,2,0,0,0,1,0,0,0,0,0,0,0,0,0,0,0,0,20,0,0
1526,27,0,3,0,0,0,0,1,0,0,0,0,1,0,0,0,0,0,0,0,20,0,0
1527,28,1,2,0,0,0,0,2,0,0,0,0,0,0,0,0,0,0,0,0,22,0,0
1528,25,0,2,0,0,0,0,1,0,0,0,0,0,0,0,0,0,0,0,0,13,0,0
1529,22,0,4,0,0,0,0,1,0,0,0,0,0,0,0,0,0,0,0,0,17,0,0
1530,22,0,3,0,0,0,0,0,0,0,0,0,0,0,0,0,0,0,0,0,16,0,0
1531,56,1,2,0,0,0,0,2,0,0,0,0,0,0,0,0,0,0,0,0,51,0,1
1532,43,1,5,0,0,0,0,0,0,0,0,0,0,0,0,0,0,0,0,0,40,0,0
1533,39,0,4,0,0,0,0,1,0,0,0,0,0,0,0,0,0,0,0,0,35,0,0
1534,42,1,4,0,0,0,0,4,0,0,0,0,0,0,0,0,0,0,0,0,39,0,1
1535,49,0,4,0,0,0,0,3,0,0,0,1,0,0,0,0,0,0,0,0,42,0,1
1536,41,0,3,0,0,0,0,5,1,0,0,0,0,0,0,0,0,0,0,0,38,0,0
1537,39,0,2,0,0,0,0,0,0,0,0,0,0,0,0,0,0,0,0,0,38,0,1
1538,28,0,4,0,0,0,0,3,1,0,0,0,0,0,0,0,0,0,0,0,23,0,0
1539,42,0,4,0,0,0,0,7,2,0,0,0,0,0,1,0,0,0,0,0,40,0,0
1540,44,0,5,0,0,0,0,4,1,0,0,0,0,0,0,0,0,0,0,0,38,0,0
1593,43,0,5,0,0,0,0,1,0,0,0,0,0,0,0,0,0,0,0,0,30,0,0
1594,51,0,5,0,0,0,0,2,0,0,0,0,0,0,0,0,0,0,0,0,44,0,1
1595,48,0,5,0,0,1,0,7,0,0,0,0,0,0,0,0,0,0,0,0,28,0,0
1596,43,1,4,0,0,0,0,4,0,0,0,0,0,0,0,0,0,0,0,0,28,0,0
1597,61,6,4,0,0,2,0,32,1,0,0,0,0,0,0,0,0,0,0,0,44,0,0
1598,67,6,12,0,0,0,0,28,2,0,0,0,0,0,0,0,0,0,0,0,36,0,0
1599,87,12,4,0,0,0,0,33,1,0,0,0,0,0,0,0,0,0,0,0,61,0,1
1600,61,7,7,0,0,0,0,32,2,0,0,0,0,0,0,0,0,0,0,0,32,0,0
1601,49,0,7,0,0,0,0,30,0,0,0,0,1,0,0,0,0,0,0,0,36,0,0
1602,41,0,7,0,0,0,0,22,0,0,0,0,0,0,0,0,0,0,0,0,33,0,0
1603,41,3,2,0,0,0,0,23,0,0,0,0,0,0,0,0,0,0,0,0,32,0,0
1604,26,2,3,0,0,1,0,19,1,0,0,0,0,0,0,0,0,0,0,0,21,0,1
1605,26,19,2,0,0,0,0,22,0,0,0,0,0,0,0,0,0,0,0,0,18,0,0
1606,22,0,5,0,0,0,0,1,0,0,0,0,0,0,0,0,0,0,0,0,16,0,1
1607,23,0,4,0,0,0,0,2,0,0,0,0,0,0,0,0,0,0,0,0,18,0,1
1608,22,1,3,0,0,0,0,10,1,0,0,0,0,0,0,0,0,0,0,0,19,0,0
1609,18,0,3,0,0,0,0,12,0,0,0,0,1,0,0,0,0,0,0,0,13,0,0
1610,22,0,0,0,0,0,0,0,0,0,0,0,0,0,0,0,0,0,0,0,20,0,0
1611,24,0,1,1,0,2,0,3,0,0,0,0,0,0,0,0,0,0,0,0,16,0,0
1613,18,0,0,0,0,0,0,18,0,0,0,0,0,0,0,0,0,0,0,0,12,0,0
1614,30,0,1,0,0,1,0,25,0,0,0,0,0,0,0,0,0,0,0,0,19,0,0
1615,31,7,4,0,0,1,0,20,0,0,3,0,0,0,0,0,0,0,1,0,20,0,0
1616,25,0,8,0,0,0,0,20,0,0,0,0,0,0,0,0,0,0,0,0,16,0,0
1617,22,0,2,0,0,0,0,16,0,0,0,0,0,0,0,0,0,0,0,0,16,0,0
1618,17,0,4,0,0,0,0,4,0,0,0,0,0,0,0,0,0,0,0,0,12,0,0
1620,40,0,2,0,0,0,0,1,0,0,0,0,0,0,0,0,0,0,0,0,26,0,0
1621,29,0,3,0,0,0,0,18,0,0,0,0,0,0,0,0,0,0,0,0,18,0,0
1622,27,0,2,0,0,0,0,4,0,0,0,0,0,0,0,0,0,0,0,0,21,0,0
1639,67,1,6,0,0,0,0,66,0,0,0,0,0,0,0,0,2,0,0,0,58,0,0
1640,73,1,6,0,0,0,0,70,0,0,0,0,0,0,0,0,4,0,0,0,49,0,1
1641,80,1,7,0,0,0,0,76,1,0,0,0,0,0,0,0,1,0,0,0,58,0,1
1642,92,1,3,0,0,0,0,87,0,1,0,0,0,0,0,0,2,0,0,0,71,0,0
1643,69,2,5,0,0,0,0,64,0,0,0,0,0,0,0,0,2,0,0,0,49,0,1
1644,82,1,7,0,0,0,0,81,1,0,0,0,0,0,0,0,2,0,0,0,62,0,0
1645,77,0,5,0,0,0,0,74,0,0,0,0,0,0,0,0,1,0,0,0,59,0,1
1646,101,3,3,0,0,0,0,99,1,0,0,0,0,0,0,0,2,0,0,0,84,0,0
1647,89,1,9,0,0,0,0,85,0,0,0,0,0,0,0,0,1,0,0,0,66,0,0
1648,79,1,11,0,0,0,0,76,0,0,0,0,0,0,0,0,4,0,0,0,61,0,0
1649,72,0,4,0,0,0,0,63,0,0,0,0,0,0,0,0,0,0,0,0,59,0,0
1650,48,0,1,1,0,1,0,43,0,0,0,0,0,0,0,0,0,0,0,0,39,0,0
1651,42,0,2,0,0,0,0,34,0,0,0,0,0,0,0,0,0,0,0,0,33,0,0
1652,52,0,4,0,0,0,0,51,0,0,0,0,0,0,0,0,2,0,0,0,36,0,0
1653,61,0,4,0,0,0,0,55,0,0,0,0,0,0,0,0,0,0,0,0,48,0,0
1654,55,0,0,0,0,1,0,51,0,0,0,0,0,0,0,0,0,0,0,0,42,0,0
1655,49,0,5,0,0,0,0,44,0,0,0,0,0,0,0,0,0,0,0,0,35,0,1
1656,50,0,10,0,0,0,0,44,0,0,0,0,0,0,0,0,0,0,0,0,38,0,0
1657,42,0,7,0,0,0,0,38,0,0,0,0,0,0,0,0,0,0,0,0,33,0,0
1658,69,0,10,1,0,0,0,65,0,0,0,0,0,0,0,0,0,0,0,0,54,0,0
1833,36,0,3,0,0,0,0,0,0,0,0,0,0,0,0,0,0,0,0,0,32,0,0
1834,25,0,2,1,0,0,0,0,0,0,0,0,0,0,0,0,0,0,0,0,23,0,0
1835,25,0,0,0,0,0,0,0,0,0,0,0,0,0,0,0,0,0,0,0,22,0,1
1836,22,0,1,0,0,0,0,0,0,0,0,0,0,0,0,0,0,0,0,0,18,0,0
1837,26,0,1,0,0,0,0,0,0,0,0,0,0,0,0,0,0,0,0,0,19,0,0
1838,32,0,1,0,0,0,0,0,0,0,0,0,0,0,0,0,0,0,0,0,31,0,0
1839,20,0,1,0,0,0,0,0,0,0,0,0,0,0,0,0,0,0,0,0,20,0,0
1840,23,0,2,0,0,0,0,0,0,0,0,0,0,0,0,0,0,0,0,0,21,0,0
1841,21,0,0,0,0,0,0,0,0,0,0,0,0,0,0,0,0,0,0,0,20,0,0
1842,21,0,0,0,0,0,0,0,0,0,0,0,0,0,0,0,0,0,0,0,18,0,0
1937,29,0,1,0,0,0,0,5,0,0,0,0,0,0,0,0,0,0,0,0,20,0,0
1938,30,0,1,0,0,0,0,4,0,0,0,0,0,0,0,0,0,0,0,0,19,0,0
1939,21,0,2,0,0,0,0,6,0,0,0,0,0,0,0,0,0,0,0,0,15,0,0
1940,20,0,2,0,0,0,0,4,0,0,0,0,0,0,0,0,0,0,0,0,14,0,0
1941,28,0,1,0,0,0,0,9,0,0,0,0,0,0,0,0,0,0,0,0,17,0,0
1942,26,0,2,0,0,1,0,5,0,0,0,0,0,0,0,0,0,0,0,0,16,0,1
1943,17,0,1,0,0,0,0,5,0,0,0,0,0,0,0,0,0,0,0,0,12,0,0
1944,25,0,2,0,0,0,0,1,0,0,0,0,0,0,0,0,0,0,0,0,18,0,0
1945,35,0,3,0,0,0,0,9,0,0,0,0,0,0,0,0,0,0,0,0,27,0,0
1946,23,0,0,0,0,0,0,8,0,0,0,0,0,0,0,0,0,0,0,0,20,0,1
1977,24,0,1,0,0,1,0,3,0,0,0,0,0,0,0,0,0,0,0,0,17,0,0
1978,20,0,0,0,0,2,0,5,0,0,0,0,0,0,0,0,0,0,0,0,15,0,0
1979,19,0,0,0,0,2,0,2,0,0,0,0,0,0,0,0,0,0,0,0,13,0,0
1980,25,0,2,0,0,1,0,8,0,0,0,0,0,0,0,0,0,0,0,0,8,0,0
1981,36,0,1,0,0,1,0,6,0,0,0,0,0,0,0,0,0,0,0,0,23,0,0
1982,27,0,0,0,0,1,0,7,0,0,0,0,0,0,0,0,0,0,0,0,18,0,0
1983,25,0,0,0,0,0,0,5,0,0,0,0,0,0,0,0,0,0,1,0,13,0,0
1985,25,0,1,0,0,1,0,5,0,0,0,0,0,0,0,0,0,0,0,0,10,0,0
1986,22,0,0,0,0,2,0,4,0,0,0,0,0,0,0,0,0,0,0,0,13,0,0
1987,23,0,0,0,0,0,0,6,0,0,0,0,0,0,0,0,0,0,0,0,15,0,0
1988,20,0,0,0,0,0,0,4,0,0,0,0,0,0,0,0,0,0,0,0,14,0,0
1989,39,0,2,0,0,0,0,6,0,0,0,0,0,0,0,0,0,0,0,0,26,0,1
1990,27,0,3,0,0,1,0,7,0,0,0,0,0,0,0,0,0,0,0,0,20,0,1
1991,29,0,1,0,0,1,0,5,0,0,0,0,0,0,0,0,0,0,0,0,19,0,0
1992,31,0,1,0,0,0,0,7,0,0,0,0,0,0,0,0,0,0,0,0,20,0,0
1993,18,0,1,0,0,0,0,4,0,0,0,0,0,0,0,0,0,0,0,0,11,0,0
1994,31,0,0,0,0,0,0,5,0,0,0,0,0,0,0,0,0,0,0,0,22,0,0
1995,24,0,1,0,0,0,0,8,0,0,0,0,0,0,0,0,0,0,0,0,16,0,0
1996,27,0,2,0,0,0,0,5,0,0,0,0,0,0,0,0,0,0,0,0,22,0,0
2030,30,1,3,0,0,0,0,26,0,0,0,0,0,0,0,0,0,0,0,0,24,0,0
2031,52,7,4,0,0,0,0,40,1,0,0,0,0,0,0,0,0,0,1,0,44,0,1
2032,41,2,2,0,0,0,0,34,1,0,0,0,1,0,0,0,0,0,0,0,35,0,0
2033,24,3,4,0,0,0,0,16,0,0,0,0,0,0,0,0,0,0,0,0,13,0,0
2034,46,0,2,0,0,0,0,3,0,0,0,0,0,0,0,0,0,0,1,0,37,0,0
2035,59,0,7,0,0,0,0,12,0,0,0,0,0,0,0,0,0,0,0,0,47,0,0
2036,38,1,2,0,0,0,0,28,0,0,0,0,0,0,0,0,0,0,0,0,29,0,0
2037,45,3,4,2,0,0,0,32,1,0,0,0,0,0,0,0,0,0,0,0,18,0,0
2038,62,3,4,0,0,0,0,43,0,0,1,0,0,0,0,0,0,0,0,0,52,0,0
2039,35,4,2,0,0,1,0,24,0,0,0,0,0,0,0,0,0,0,0,0,33,0,0
2121,26,0,3,0,0,0,0,0,0,0,0,0,0,0,0,0,0,0,0,0,17,0,1
2122,26,0,1,0,0,0,0,3,0,0,0,0,0,0,0,0,0,0,0,0,17,0,0
2123,28,0,1,0,0,0,0,10,0,0,0,0,0,0,0,0,0,0,0,0,18,0,0
2124,26,1,2,0,0,0,0,3,0,0,0,0,0,0,0,0,0,0,0,0,18,0,0
2125,21,0,2,0,0,0,0,0,0,0,0,0,0,0,0,0,0,0,0,0,11,0,0
2126,28,0,0,0,0,0,0,1,1,0,0,0,0,0,0,0,0,0,0,0,15,0,0
2127,23,0,0,0,0,0,0,1,0,0,0,0,0,0,0,0,0,0,0,0,13,0,0
2128,20,0,2,0,0,0,0,3,1,0,0,0,0,0,0,0,0,0,0,0,12,0,0
2129,27,0,0,0,0,0,0,1,0,0,0,0,0,0,0,0,0,0,0,0,9,0,0
2130,23,0,2,0,0,0,0,1,0,0,0,0,0,0,0,0,0,0,0,0,14,0,0
2148,18,0,0,0,0,0,0,18,0,0,0,0,0,0,0,0,0,0,0,0,16,0,0
2150,19,0,0,0,0,0,0,15,0,0,0,0,0,0,0,0,0,0,0,0,15,0,0
2152,20,0,2,0,0,0,0,13,0,0,0,0,0,0,0,0,1,0,0,0,17,0,0
2153,23,0,3,0,0,0,0,0,0,0,0,0,0,0,0,0,0,0,0,0,22,0,0
2301,61,0,1,0,0,0,0,0,0,0,0,0,0,0,0,0,0,0,0,0,51,0,0
2429,18,0,2,1,0,0,0,0,0,0,0,0,0,0,0,0,0,0,0,0,7,0,0
2430,17,0,0,0,0,0,0,0,0,0,0,0,0,0,0,0,0,0,0,0,2,0,0
2431,17,0,2,0,0,0,0,0,0,0,0,0,0,0,0,0,0,0,0,0,5,0,0
2432,31,0,0,0,0,0,0,0,0,0,0,0,0,0,0,0,0,0,0,0,11,0,0
2433,20,0,1,0,0,0,0,0,0,0,0,0,0,0,0,0,0,0,0,0,5,0,0
2434,20,0,1,0,0,0,0,0,0,0,0,0,0,0,0,0,0,0,0,0,10,0,0
2435,17,0,3,0,0,0,0,0,0,0,0,0,0,0,0,0,0,0,0,0,3,0,0
2436,23,0,3,0,0,0,0,0,0,0,0,0,0,0,0,0,0,0,0,0,4,0,0
2437,28,0,5,0,0,0,0,0,0,0,0,0,0,0,0,0,0,0,0,0,6,0,0
2438,19,0,1,0,0,0,0,0,0,0,0,0,0,0,0,0,0,0,0,0,8,0,0
2452,19,0,0,0,0,0,0,14,8,0,0,0,0,0,0,0,0,0,0,0,12,0,0
2454,16,0,1,0,0,0,0,7,0,0,0,0,0,0,0,0,0,0,0,0,8,0,0
2455,17,0,0,0,0,0,0,13,0,0,0,0,0,0,0,0,0,0,0,0,12,0,0
2456,21,0,0,0,0,0,0,16,0,0,0,0,0,0,0,0,0,0,0,0,11,0,0
2458,16,0,1,0,0,0,0,11,0,0,0,0,0,0,0,0,0,0,0,0,9,0,0
2459,19,0,2,0,0,0,0,13,0,0,0,0,0,0,0,0,0,0,0,0,12,0,0
2460,23,0,1,0,0,0,0,11,0,0,0,0,0,0,0,0,0,0,0,0,19,0,1
2461,20,0,0,0,0,0,0,12,4,0,0,0,0,0,0,0,0,0,0,0,14,0,0
2487,18,0,2,0,0,1,0,13,0,0,0,0,0,0,0,0,0,0,10,0,12,0,0
2488,19,0,0,0,0,0,0,10,8,0,0,0,0,0,0,0,0,0,0,0,14,0,0
2530,16,0,1,0,0,0,0,0,0,0,0,0,0,0,0,0,0,0,0,0,12,0,0
2535,16,0,0,0,0,0,0,0,0,0,0,0,0,0,0,0,0,0,11,0,13,0,1
2536,17,0,1,0,0,0,0,1,0,0,0,0,0,0,0,0,0,0,0,0,13,0,0
2537,17,0,4,0,0,0,0,0,0,0,0,0,0,0,0,0,0,0,0,0,14,0,0
2590,16,0,0,0,0,0,0,14,0,0,0,1,0,0,0,0,2,0,0,0,14,0,0
2671,46,0,1,0,0,0,0,0,0,0,0,0,0,0,0,0,0,0,0,0,29,0,0
2672,62,0,1,0,0,0,0,0,0,0,0,0,0,0,0,0,0,0,0,0,55,0,1
2673,57,0,1,0,0,0,0,0,0,0,0,0,0,0,0,0,0,0,0,0,36,0,0
2804,16,0,4,0,0,0,0,0,0,0,0,0,0,0,0,0,0,0,0,0,7,0,0
2826,22,3,3,0,0,0,0,18,0,0,0,0,0,0,0,0,0,0,0,0,17,0,0
2827,34,1,3,0,0,0,0,30,0,0,0,0,0,0,0,0,0,0,0,0,23,0,0
2844,25,0,3,0,0,0,0,8,3,0,0,0,0,0,0,0,0,0,0,0,21,0,0
2845,58,0,4,0,0,1,0,12,2,0,0,0,0,0,0,0,2,0,0,0,43,0,1
2846,51,0,1,0,0,1,0,7,0,0,0,0,0,0,0,0,3,0,1,0,33,0,2
2847,68,0,1,0,0,0,0,10,0,0,0,0,0,0,0,0,3,0,0,0,47,0,2
2849,18,1,1,0,0,0,0,8,3,0,0,0,0,0,0,0,1,0,0,0,15,0,0
2851,25,0,5,0,0,0,0,13,4,0,0,0,0,0,0,0,1,0,0,0,18,0,1
2852,17,0,2,0,0,0,0,3,2,0,0,0,0,0,0,0,0,0,0,0,13,0,0
2853,18,0,3,0,1,0,0,6,2,0,0,0,0,0,0,0,0,0,0,0,14,0,0
2918,23,0,4,2,0,0,0,0,0,0,0,0,0,0,0,0,0,0,0,0,8,0,0
2919,26,0,1,1,0,0,0,0,0,0,0,0,0,0,0,0,0,0,0,0,24,0,0
2920,25,0,2,0,1,0,0,0,0,0,0,0,0,0,0,0,0,0,0,0,14,0,0
2921,27,0,0,0,0,0,0,0,0,0,0,0,0,0,0,0,0,0,0,0,10,0,0
2922,16,0,0,0,0,0,0,0,0,0,0,0,0,0,0,0,0,0,0,0,14,0,0
2924,22,0,2,1,1,0,0,0,0,0,0,0,0,0,0,0,0,0,0,0,21,0,0
2925,17,0,3,1,0,0,0,0,0,0,0,0,0,0,0,0,0,0,0,0,11,0,1
2926,18,0,3,0,0,0,0,0,0,0,0,0,0,0,0,0,0,0,0,0,8,0,0
2927,33,0,6,0,0,0,0,0,0,0,0,0,0,0,0,0,0,0,0,0,12,0,0
2930,23,0,1,0,0,0,0,0,0,0,0,0,0,0,0,0,0,0,0,0,23,0,0
2931,20,0,0,0,1,0,0,0,0,0,0,0,0,0,0,0,0,0,0,0,18,0,0
2932,18,0,2,1,0,0,0,0,0,0,0,0,0,0,0,0,0,0,0,0,17,0,0
2966,23,0,2,0,0,0,0,2,0,0,0,0,0,0,0,0,0,0,0,0,11,0,0
2967,34,0,3,0,0,5,0,8,0,0,1,0,0,0,0,0,0,0,0,0,19,0,1
2968,75,0,7,0,0,0,0,14,0,0,0,0,0,0,0,0,0,0,0,0,37,0,1
2970,31,0,0,0,0,0,0,1,0,0,0,0,0,0,0,0,0,0,0,0,25,0,0
2971,21,0,3,0,0,0,0,0,0,0,0,0,0,0,0,0,0,0,0,0,16,0,0
2972,30,0,0,0,0,0,0,1,0,0,0,0,0,0,0,0,0,0,0,0,25,0,2
2973,44,0,3,0,0,0,0,1,0,0,0,0,0,0,0,0,0,0,0,0,40,0,0
2974,23,0,2,0,0,0,0,1,0,0,0,0,0,0,0,0,0,0,0,0,7,0,0
2975,17,0,1,0,0,0,0,0,0,0,0,0,0,0,0,0,0,0,0,0,6,0,0
3031,56,0,0,0,0,0,0,35,24,0,0,0,0,0,0,0,0,0,0,0,51,0,0
3032,43,0,0,0,2,0,0,24,23,0,1,0,0,0,0,0,0,0,0,0,40,0,0
3033,49,0,0,0,0,1,0,4,0,0,0,0,0,0,0,0,0,0,0,0,43,0,1
3034,16,0,1,0,0,1,0,7,0,0,0,0,0,0,0,0,0,0,0,0,15,0,1
3035,25,0,0,0,0,2,0,10,0,0,0,0,0,0,0,0,0,0,0,0,25,0,0
3036,45,2,0,0,0,1,0,33,0,0,1,0,0,0,0,0,0,0,0,0,43,0,2
3037,44,2,1,0,1,2,0,32,0,0,1,0,0,0,0,0,0,0,0,0,39,0,0
3038,44,0,0,0,4,1,0,20,0,0,0,0,0,0,0,0,0,0,0,0,32,0,2
3039,27,0,2,0,0,1,0,4,0,0,0,0,0,0,0,0,0,0,0,0,23,0,0
3041,54,0,0,0,0,0,0,7,0,0,0,0,0,0,0,0,0,0,0,0,44,0,0
3058,16,0,0,0,0,0,0,10,3,0,0,0,0,0,0,0,0,0,0,0,6,0,0
3062,19,0,1,0,0,2,0,7,0,0,1,0,0,0,0,0,0,0,0,0,14,0,0
3063,26,0,3,0,0,4,0,14,2,0,0,0,0,0,0,0,0,0,0,0,23,0,0
3068,16,0,0,0,0,2,0,8,0,0,0,0,0,0,0,0,0,0,3,0,10,0,1
3069,18,0,1,1,0,2,0,3,1,0,0,0,0,0,0,0,0,0,0,0,6,0,0
3089,21,1,2,0,0,0,0,11,0,0,0,0,0,0,0,0,0,0,0,0,16,0,0
3124,24,0,4,0,0,0,0,1,0,0,0,0,0,0,0,0,0,0,0,0,21,0,0
3134,18,0,1,0,0,0,0,0,0,0,0,0,0,0,0,0,0,0,0,0,15,0,0
3136,21,0,2,0,0,0,0,0,0,0,0,0,0,0,0,0,0,0,0,0,21,0,0
3137,20,0,3,0,0,0,0,1,0,0,0,0,0,0,0,0,0,0,0,0,19,0,0
3138,16,0,4,0,0,0,0,0,0,0,0,0,0,0,0,0,0,0,0,0,10,0,0
3139,16,0,3,0,0,0,0,1,0,0,0,0,0,0,0,0,0,0,0,0,13,0,0
3141,30,0,2,0,0,0,0,2,0,0,0,0,0,0,0,0,1,0,0,0,25,0,0
3176,26,0,1,0,0,3,0,10,1,0,0,0,0,0,0,0,1,0,1,0,14,0,0
3180,22,0,3,0,0,0,0,22,0,0,0,0,0,0,0,0,0,0,0,0,15,0,0
3181,19,0,2,0,0,0,0,9,0,0,0,0,0,0,0,0,0,0,0,0,14,0,1
3183,19,0,2,0,0,0,0,0,0,0,0,0,0,0,0,0,1,0,0,0,16,0,0
3309,38,0,2,0,0,0,0,0,0,0,0,0,0,0,0,0,0,0,0,0,16,0,0
3368,26,0,0,0,0,0,0,3,0,0,0,0,0,0,0,0,0,0,0,0,9,0,0
3371,24,0,1,0,0,0,0,2,0,0,0,0,0,0,0,0,0,0,0,0,14,0,0
3383,21,0,0,0,0,0,0,1,0,0,0,0,0,0,0,0,0,0,0,0,10,0,0
3384,20,0,1,0,0,0,0,5,0,0,0,0,0,0,0,0,0,0,0,0,14,0,1
3385,18,0,1,0,0,0,0,0,0,0,0,0,0,0,0,0,0,0,0,0,9,0,0
3387,22,0,1,0,0,0,0,2,0,0,0,0,0,0,0,0,0,0,0,0,15,0,0
3388,19,0,0,0,0,0,0,4,0,0,0,0,0,0,0,0,0,0,0,0,12,0,0
3526,18,0,0,0,0,0,0,2,0,0,0,0,0,0,0,0,0,0,0,0,18,0,0
3582,19,0,1,0,0,0,0,7,1,1,0,0,0,0,0,0,0,0,0,0,10,0,0
3583,17,2,1,0,0,0,0,6,1,0,0,0,0,0,0,0,0,0,0,0,5,0,0
3586,65,15,0,0,0,0,0,58,0,0,0,0,0,0,0,0,0,0,0,0,33,0,2
3587,61,35,2,0,0,0,0,53,0,0,0,0,0,0,0,0,0,0,0,0,27,0,2
3588,65,42,2,0,0,0,0,59,0,0,0,0,0,0,0,0,0,0,0,0,36,0,1
3589,62,0,4,0,0,0,0,56,0,0,0,0,0,0,0,0,1,0,0,0,34,0,0
3590,67,18,2,0,0,51,0,64,0,0,9,0,0,0,0,0,0,0,0,0,40,0,0
3591,50,0,1,0,0,27,0,46,1,0,11,0,0,0,0,0,0,0,0,0,31,0,0
3592,21,9,1,0,0,0,0,19,1,0,0,0,0,0,1,0,0,0,0,0,12,0,0
3593,64,0,1,0,0,31,0,57,0,0,18,0,0,0,0,0,0,0,0,0,43,0,0
5162,20,0,2,0,0,0,0,0,0,0,0,0,0,0,0,0,0,0,0,0,11,0,0
5163,64,0,2,0,0,0,0,0,0,0,0,0,0,0,0,0,0,0,0,0,28,0,0
5164,59,0,2,0,0,0,0,0,0,0,0,0,0,0,0,0,1,0,0,0,20,0,1
5165,56,0,1,0,0,0,0,0,0,0,0,0,0,0,0,0,0,0,0,0,28,0,1
5166,66,0,5,0,0,0,0,0,0,0,0,0,0,0,0,0,0,0,0,0,27,0,1
5167,70,0,4,0,1,0,0,0,0,0,0,0,0,0,0,0,0,0,0,0,28,0,0
5168,75,0,1,0,0,0,0,0,0,0,0,0,0,0,0,0,0,0,0,0,32,0,0
5169,67,0,3,0,0,0,0,0,0,0,0,0,0,0,0,0,0,0,0,0,30,0,0
5170,60,0,4,0,0,0,0,0,0,0,0,0,0,0,0,0,0,0,0,0,15,0,0
5171,80,0,1,0,0,0,0,0,0,0,0,0,0,0,0,0,0,0,0,0,24,0,1
5172,56,0,2,0,0,0,0,0,0,0,0,0,0,0,0,0,0,0,0,0,29,0,0
5188,46,0,1,0,0,0,0,1,0,0,0,0,0,0,0,0,0,0,0,0,16,0,0
5190,19,0,0,0,0,0,0,1,0,0,0,0,0,0,0,0,0,0,0,0,6,0,0
5193,17,0,2,0,0,0,0,1,0,0,0,0,0,0,0,0,0,0,0,0,11,0,1
5194,16,0,0,0,0,0,0,2,0,0,0,0,0,0,0,0,0,0,0,0,6,0,0
5196,19,0,0,0,0,0,0,3,0,0,0,0,0,0,0,0,0,0,0,0,10,0,0
5197,26,0,0,0,0,0,0,0,0,0,0,0,0,0,0,0,0,0,0,0,9,0,1
5234,19,0,0,0,0,0,0,7,2,0,0,0,0,0,0,0,0,0,0,0,19,0,0
5235,21,0,0,0,0,0,0,6,1,0,0,0,0,0,0,0,0,0,0,0,18,0,0
5237,21,0,0,0,0,13,0,3,0,0,1,0,0,0,0,0,0,0,0,0,20,0,0
5239,17,0,0,0,0,0,0,8,9,0,0,0,0,0,0,0,0,0,0,0,17,0,0
5241,16,0,0,0,0,0,0,14,8,0,0,0,0,0,0,0,0,0,0,0,6,0,0
5245,30,0,1,0,0,1,0,15,14,0,0,0,0,0,0,0,0,0,0,0,18,0,0
5246,22,0,0,0,0,0,0,16,3,0,0,0,0,0,0,0,0,0,1,0,11,0,0
5247,19,0,0,0,0,1,0,11,1,0,0,0,0,0,0,0,0,0,0,0,13,0,1
5249,16,0,1,0,0,0,0,9,0,0,0,0,0,0,0,0,0,0,5,0,9,0,2
5251,32,1,2,2,0,4,0,25,1,0,0,0,0,0,0,0,0,0,3,0,14,0,0
5254,28,0,0,0,0,0,0,20,0,0,0,0,0,0,0,0,0,0,0,0,12,0,0
5255,20,0,1,0,0,0,0,14,0,0,0,0,0,0,0,0,0,1,0,0,14,1,0
5259,25,0,1,0,0,0,0,18,0,0,0,0,0,0,0,0,0,0,0,0,18,0,0
5283,17,0,1,0,0,0,0,11,1,0,0,0,0,0,0,0,0,0,0,0,13,0,0
5370,16,0,0,0,0,1,0,9,3,0,1,0,0,0,0,0,0,0,0,0,13,0,0
5383,16,0,5,0,0,3,0,4,1,0,0,0,0,0,0,0,0,0,0,0,11,0,0
5386,17,0,0,0,0,5,0,1,0,0,0,0,0,0,0,0,0,0,0,0,6,0,0
5623,54,0,5,0,0,1,0,14,0,0,0,0,0,0,0,0,0,0,0,0,19,0,2
5625,54,0,3,0,0,0,0,6,0,0,0,0,0,0,0,0,0,0,0,0,25,0,0
5626,54,0,4,0,0,0,0,0,0,0,0,0,0,0,0,0,0,0,0,0,19,0,0
5929,58,0,4,0,1,0,0,0,0,0,0,0,0,0,0,0,0,0,0,0,22,0,0
5930,44,0,2,0,0,0,0,0,0,0,0,0,0,0,0,0,0,0,0,0,13,0,1
5931,41,0,3,1,0,0,0,0,0,0,0,0,0,0,0,0,0,0,0,0,11,0,1
5932,50,0,3,2,0,0,0,0,0,0,0,0,0,0,0,0,0,0,0,0,17,0,0
5935,59,0,3,0,0,0,0,0,0,0,0,0,0,0,0,0,0,0,0,0,21,0,0
5936,44,0,4,0,0,0,0,0,0,0,0,0,0,0,0,0,0,0,0,0,16,0,0
5937,29,0,0,0,0,0,0,0,0,0,0,0,0,0,0,0,0,0,0,0,12,0,0
5946,44,0,2,0,0,0,0,8,0,0,0,0,0,0,0,0,0,0,0,0,15,0,0
5947,56,0,3,0,0,0,0,10,0,0,0,0,0,0,0,0,0,0,0,0,24,0,2
5949,47,0,0,0,0,0,0,5,0,0,0,0,0,0,0,0,0,0,0,0,16,0,3
5950,44,0,2,0,0,0,0,6,0,0,0,0,0,0,0,0,0,0,0,0,23,0,1
5951,38,0,4,0,0,0,0,9,0,0,0,0,0,0,0,0,0,0,0,0,15,0,0
5952,33,0,1,0,0,0,0,5,0,0,0,0,0,0,0,0,0,0,0,0,12,0,1
5953,45,0,4,0,0,0,0,6,0,0,0,0,0,0,0,0,0,0,0,0,18,0,3
5998,36,0,1,0,0,0,0,0,0,0,0,0,0,0,0,0,0,0,0,0,14,0,0
5999,36,0,2,0,0,0,0,1,1,0,0,0,0,0,0,0,0,0,0,0,11,0,2
6000,39,0,0,0,0,0,0,2,0,0,0,0,0,0,0,0,0,0,0,0,15,0,0
6002,42,0,1,0,0,0,0,4,1,0,0,0,0,0,0,0,0,0,0,0,6,0,0
6003,40,0,3,0,0,0,0,1,0,0,0,0,0,0,0,0,0,0,0,0,12,0,1
6004,36,0,2,0,0,0,0,3,0,0,0,0,0,0,0,0,0,0,0,0,12,0,0
6005,28,0,0,0,0,0,0,1,0,0,0,0,0,0,0,0,0,0,0,0,8,0,2
6006,22,0,0,0,0,0,0,2,1,0,0,0,0,0,0,0,0,0,0,0,9,0,0
6007,38,0,0,0,0,0,0,1,0,0,0,0,0,0,0,0,0,0,0,0,15,0,0
6008,37,0,1,0,0,0,0,0,0,0,0,0,0,0,0,0,0,0,0,0,11,0,0
6009,32,0,0,0,0,0,0,0,0,0,0,0,0,0,0,0,0,0,0,0,10,0,1
6010,35,0,0,0,0,0,0,0,0,0,0,0,0,0,0,0,0,0,0,0,16,0,1
6011,32,0,2,0,0,0,0,0,0,0,0,0,0,0,0,0,0,0,0,0,10,0,0
6012,36,0,3,0,0,1,0,0,0,0,0,0,0,0,0,0,0,0,0,0,17,0,0
6013,48,0,3,0,0,0,0,1,0,0,0,0,0,0,0,0,0,0,0,0,20,0,2
6014,49,0,0,0,0,0,0,1,0,0,0,0,0,0,0,0,0,0,0,0,13,0,1
6107,22,0,1,0,0,0,0,17,12,0,0,0,0,0,0,0,0,0,0,0,12,0,0
6108,24,0,0,0,0,0,0,8,14,0,0,0,0,0,0,0,0,0,0,0,12,0,0
6109,20,0,0,0,0,0,0,8,12,0,0,0,0,0,0,0,0,0,0,0,9,0,1
6110,17,0,0,0,0,0,0,8,12,0,0,0,0,0,0,0,0,0,0,0,7,0,0
6112,29,0,0,0,0,0,0,11,12,0,0,0,0,0,0,0,0,0,0,0,17,0,1
6122,31,0,1,0,0,0,0,11,13,0,0,0,0,0,0,0,0,0,0,0,19,0,1
6123,29,0,1,0,0,0,0,21,13,0,0,0,0,0,0,0,0,0,0,0,15,0,1
6124,24,0,0,0,0,0,0,11,2,0,0,0,0,0,0,0,0,0,0,0,10,0,1
6173,36,0,0,0,0,0,0,36,1,0,0,0,0,0,0,0,0,0,0,0,24,0,0
6175,25,0,1,0,0,1,0,4,0,0,0,0,0,0,0,0,0,0,0,0,22,0,0
6191,28,1,6,0,0,0,0,23,0,0,0,0,0,0,0,0,0,0,0,0,12,0,3
6192,21,0,0,0,0,0,0,20,0,0,0,0,0,0,0,0,0,0,0,0,12,0,0
6196,41,0,5,0,0,0,0,0,0,0,0,0,0,0,0,0,0,0,0,0,8,0,0
6197,31,0,5,0,0,0,0,3,0,0,0,0,1,0,0,0,0,0,0,0,5,0,0
6198,49,0,7,0,0,0,0,1,0,0,0,0,1,0,0,0,0,0,0,0,8,0,0
6199,52,0,7,0,0,0,0,4,0,0,0,0,1,0,0,0,0,0,0,0,7,0,0
6200,44,0,3,0,0,0,0,0,0,0,0,0,0,0,0,0,0,0,0,0,6,0,0
6201,45,0,7,0,0,0,0,0,0,0,0,0,0,0,1,0,0,0,0,0,9,0,0
6202,57,0,3,0,0,0,0,3,0,0,0,0,0,0,0,0,0,0,0,0,6,0,1
6203,38,0,2,0,0,0,0,2,0,0,0,0,0,0,0,0,0,0,0,0,7,0,0
6204,46,0,6,0,0,0,0,1,0,0,0,0,0,0,0,0,0,0,0,0,11,0,0
6206,44,0,5,0,0,0,0,42,0,0,0,0,0,0,0,0,0,0,0,0,33,0,1
6207,53,0,3,0,0,0,0,52,0,0,0,0,1,0,0,0,0,0,0,0,35,0,0
6208,45,1,1,0,0,0,0,41,0,0,0,0,0,0,0,0,0,0,0,0,33,0,0
6209,54,0,1,0,0,0,0,53,0,0,0,0,0,0,0,0,0,0,0,0,36,0,0
6210,37,0,1,0,0,0,0,35,0,0,0,0,0,0,0,0,0,0,0,0,29,0,0
6211,38,1,1,0,0,0,0,35,0,0,0,0,0,0,0,0,0,0,0,0,30,0,0
6212,43,1,0,0,0,0,0,40,0,0,0,0,0,0,0,0,0,0,0,0,31,0,0
6213,43,1,4,0,0,0,0,42,0,0,0,0,0,0,0,0,0,0,0,0,26,0,0
6214,50,1,0,0,0,0,0,46,0,0,0,0,0,0,0,0,0,0,0,0,39,0,0
6216,16,0,3,0,0,0,0,14,0,0,0,0,0,0,0,0,0,0,0,0,14,0,0
6217,18,0,5,0,0,0,0,17,0,0,0,0,0,0,0,0,0,0,0,0,15,0,0
6218,22,0,3,0,0,0,0,21,0,0,0,0,0,0,0,0,0,0,0,0,22,0,0
6219,18,0,2,0,0,0,0,17,0,0,0,0,0,0,0,0,0,0,0,0,16,0,0
6220,17,0,1,0,0,0,0,17,0,0,0,0,0,0,0,0,0,0,0,0,16,0,0
6221,24,0,3,0,0,0,0,22,0,0,0,0,0,0,0,0,0,0,0,0,19,0,1
6222,22,1,2,0,0,0,0,21,0,0,0,0,0,0,0,0,0,0,0,0,21,0,1
6245,31,2,4,0,0,0,0,26,0,0,0,0,0,0,0,0,0,0,0,0,12,0,0
6246,26,2,2,1,0,0,0,23,0,0,1,0,1,0,0,0,0,0,0,0,14,0,0
6247,25,0,1,0,0,0,0,24,0,0,0,0,0,0,0,0,0,0,0,0,13,0,0
6248,23,1,2,0,0,1,0,21,0,0,0,0,0,0,0,0,0,0,0,0,12,0,1
6305,19,0,1,0,0,0,0,16,0,0,0,0,0,0,0,0,0,0,0,0,10,0,1
6306,19,0,1,0,0,0,0,19,0,0,0,0,0,0,0,0,0,0,0,0,12,0,0
6308,16,0,2,0,0,0,0,16,0,0,0,0,0,0,0,0,0,0,0,0,10,0,0
6311,18,0,0,0,0,0,0,17,0,0,0,0,0,0,0,0,0,0,0,0,11,0,0
6312,22,0,1,0,1,0,0,20,0,0,0,0,0,0,0,0,0,0,0,0,13,0,0
6315,16,0,1,0,0,0,0,16,0,0,0,0,0,0,0,0,0,0,0,0,9,0,0
6316,20,0,2,0,1,0,0,17,0,0,0,0,0,0,0,0,0,0,0,0,7,0,0
6342,37,0,3,0,0,0,0,2,1,0,0,0,0,0,0,0,0,0,0,0,29,0,0
6343,27,0,2,0,0,0,0,0,0,0,0,0,0,0,0,0,0,0,0,0,21,0,0
6344,45,0,3,0,0,0,0,2,0,0,0,0,0,0,0,0,0,0,0,0,37,0,0
6345,28,0,1,0,0,0,0,2,0,0,0,0,0,0,0,0,0,0,0,0,24,0,1
6346,34,0,5,0,0,1,1,1,1,0,0,0,0,0,0,0,0,0,0,0,31,0,0
6347,35,0,3,0,0,2,0,0,0,0,0,0,0,0,0,0,0,0,0,0,28,0,0
6350,34,0,8,0,0,1,0,1,0,0,0,0,0,0,0,0,0,0,0,0,32,0,0
6351,26,0,3,0,0,0,0,2,0,0,0,0,0,0,0,0,0,0,0,0,21,0,0
6352,23,0,3,0,0,0,0,1,0,0,0,0,0,0,0,0,0,0,0,0,19,0,0
6358,34,0,2,0,0,0,0,0,0,0,0,0,0,0,0,0,0,0,0,0,31,0,0
6359,38,0,1,0,0,0,0,0,0,0,0,0,0,0,0,0,0,0,0,0,34,0,0
6360,51,0,2,0,0,0,0,3,0,0,0,0,0,0,0,0,1,0,0,0,44,0,0
6361,34,0,0,0,0,0,0,3,0,0,0,0,0,0,0,0,0,0,0,0,32,0,1
6362,44,0,1,0,0,0,0,1,0,0,0,0,0,0,0,0,1,0,0,0,41,0,0
6363,46,0,1,0,0,0,0,3,0,0,0,0,0,0,0,0,1,0,0,0,43,0,0
6364,40,0,1,0,0,0,0,2,0,0,0,0,0,0,0,0,1,0,0,0,37,0,0
6365,45,0,2,0,0,0,0,2,0,0,0,0,0,0,0,0,0,0,0,0,44,0,0
6366,43,0,1,0,0,0,0,0,0,0,0,0,0,0,0,0,1,0,0,0,39,0,0
6367,44,0,0,0,0,0,0,1,0,0,0,0,0,0,0,0,0,0,0,0,38,0,0
6371,50,0,5,0,1,0,0,9,2,0,0,0,0,0,0,0,0,0,0,0,39,0,0
6372,23,0,3,0,0,0,0,21,0,0,0,0,0,0,0,0,0,0,0,0,14,0,0
6373,29,0,0,0,0,0,0,27,0,0,0,0,0,0,0,0,0,0,0,0,18,0,1
6374,38,0,2,0,0,0,0,38,0,0,0,0,0,0,0,0,0,0,0,0,23,0,0
6375,26,0,2,0,0,0,0,23,0,0,0,0,0,0,0,0,0,0,0,0,10,0,1
6376,26,0,2,0,0,0,0,25,0,0,0,0,0,0,0,0,1,0,0,0,14,0,0
6377,31,0,0,0,0,0,0,30,0,0,0,0,0,0,0,0,1,0,0,0,19,0,0
6378,26,0,1,0,0,0,0,24,0,0,0,0,0,0,0,0,0,0,0,0,14,0,0
6379,25,0,0,0,0,0,0,24,0,0,0,0,0,0,0,0,0,0,0,0,13,0,0
6380,32,0,2,0,0,0,0,27,0,0,0,0,0,0,0,0,0,0,0,0,20,0,0
6381,25,0,2,1,0,0,0,24,0,0,0,0,0,0,0,0,0,0,0,0,17,0,0
6382,45,0,1,0,0,0,0,8,1,0,0,0,0,0,0,0,2,0,0,0,31,0,0
6391,41,0,3,0,0,0,0,4,0,0,0,0,0,0,0,0,2,0,0,0,29,0,0
6393,35,0,2,0,0,0,0,9,2,0,0,0,0,0,0,0,3,0,0,0,26,0,3
6394,35,0,2,0,0,1,0,7,0,0,0,0,0,0,0,0,2,0,0,0,23,0,0
6396,41,0,4,0,0,0,0,3,0,0,1,0,0,0,0,0,4,0,0,0,29,0,4
6466,16,0,1,0,0,0,0,0,0,0,0,0,0,0,0,0,0,0,0,0,7,0,0
6468,22,0,1,0,1,0,0,0,0,0,0,0,0,0,0,0,0,0,0,0,6,0,0
6469,49,0,0,0,0,0,0,0,0,0,0,0,0,0,0,0,0,0,0,0,13,0,0
6470,36,0,0,0,0,0,0,0,0,0,0,0,0,0,0,0,0,0,0,0,9,0,0
6471,42,0,0,0,0,0,0,0,0,0,0,0,0,0,0,0,0,0,0,0,15,0,0
6472,42,0,1,0,0,0,0,0,0,0,0,0,0,0,0,0,0,0,0,0,13,0,0
6473,49,0,0,0,0,0,0,0,0,0,0,0,0,0,0,0,0,0,0,0,22,0,0
6474,37,0,2,0,0,0,0,0,0,0,0,0,0,0,0,0,0,0,0,0,16,0,0
6475,50,0,0,0,0,0,0,0,0,0,0,0,0,0,0,0,0,0,0,0,13,0,1
6476,30,0,1,0,0,0,0,0,0,0,0,0,0,0,0,0,0,0,0,0,12,0,0
6477,48,0,1,0,0,0,0,0,0,0,0,0,0,0,0,0,0,0,0,0,20,0,0
6478,37,0,3,0,0,0,0,0,0,0,0,0,0,0,0,0,0,0,0,0,14,0,0
6479,44,0,4,0,1,0,0,0,0,0,0,0,0,0,0,0,0,0,0,0,19,0,0
6480,35,0,3,0,0,0,0,0,0,0,0,0,0,0,0,0,0,0,0,0,11,0,0
6481,39,0,0,0,0,0,0,0,0,0,0,0,0,0,0,0,0,0,0,0,17,0,0
6482,34,0,0,0,0,0,0,0,0,0,0,0,0,0,0,0,0,0,0,0,12,0,0
6483,43,0,1,0,0,0,0,0,0,0,0,0,0,0,0,0,0,0,0,0,10,0,0
6484,33,0,0,0,0,0,0,0,0,0,0,0,0,0,0,0,0,0,0,0,9,0,0
6485,39,0,3,0,0,0,0,0,0,0,0,0,0,0,0,0,0,0,0,0,17,0,0
6506,17,0,0,0,0,0,0,4,0,0,0,0,0,0,0,0,0,0,0,0,8,0,2
6509,16,0,1,0,0,0,0,2,0,0,0,0,0,0,0,0,0,0,0,0,8,0,0
6511,16,0,1,0,0,0,0,2,0,0,0,0,0,0,0,0,0,0,0,0,3,0,0
6514,18,0,0,0,0,0,0,0,0,0,0,0,0,0,0,0,0,0,0,0,15,0,0
6529,17,0,0,0,0,0,0,0,0,0,0,0,0,0,0,0,0,0,0,0,15,0,0
6534,20,0,0,0,0,0,0,0,0,0,0,0,0,0,0,0,0,0,0,0,17,0,0
6535,22,0,1,0,0,0,0,2,0,0,0,0,0,0,0,0,0,0,0,0,19,0,0
6548,20,0,0,0,0,0,0,8,0,0,0,0,0,0,0,0,0,0,0,0,19,0,1
6549,20,0,0,0,0,0,0,5,0,0,0,0,0,0,0,0,0,0,0,0,17,0,0
6561,20,0,1,0,0,0,0,8,0,0,0,0,0,0,0,0,0,0,0,0,15,0,0
6565,19,0,1,0,0,0,0,10,0,0,0,0,0,0,0,0,0,0,0,0,10,0,0
6566,17,0,0,0,0,0,0,6,0,0,0,0,0,0,0,0,0,0,0,0,8,0,0
6571,17,0,0,0,0,0,0,7,0,0,0,0,0,0,0,0,0,0,0,0,8,0,1
6572,17,0,0,0,0,0,0,12,0,0,0,0,0,0,0,0,0,0,0,0,3,0,0
6609,16,0,3,0,0,0,0,14,0,0,0,0,0,0,0,0,0,0,0,0,13,0,0
6626,17,0,0,0,0,0,0,16,0,0,0,0,0,0,0,0,0,0,0,0,10,0,0
6646,34,0,6,0,0,0,0,4,0,0,0,0,0,0,0,0,0,0,0,0,16,0,0
6647,44,0,5,1,0,0,0,3,0,0,0,0,0,0,0,0,0,0,0,0,14,0,0
6649,41,0,5,0,0,0,0,1,0,0,1,0,0,0,0,0,0,0,0,0,19,0,0
6650,36,0,8,0,0,0,0,0,0,0,0,0,0,0,0,0,0,0,0,0,16,0,0
6651,27,0,4,0,0,0,0,2,0,0,1,0,0,0,0,0,0,0,0,0,13,0,0
6652,30,0,5,0,0,0,0,1,0,0,0,0,0,0,0,0,0,0,0,0,14,0,0
6653,33,0,4,0,0,0,0,2,0,0,0,0,0,0,0,0,0,0,0,0,16,0,0
6654,27,0,0,0,0,0,0,1,0,0,0,0,0,0,0,0,0,0,0,0,12,0,0
6655,32,0,8,0,0,0,0,0,0,0,0,0,0,0,0,0,0,0,0,0,17,0,0
6670,17,0,0,0,0,0,0,14,0,0,0,0,0,0,0,0,0,0,0,0,10,0,0
6698,21,0,1,0,0,0,0,0,0,0,0,0,0,0,0,0,0,0,0,0,7,0,0
6699,25,0,0,0,0,0,0,0,0,0,0,0,0,0,0,0,0,0,0,0,6,0,0
6700,28,0,3,0,0,0,0,0,0,0,0,0,0,0,0,0,0,0,0,0,10,0,0
6701,21,0,1,0,0,0,0,0,0,0,0,0,0,0,0,0,0,0,0,0,6,0,0
6721,27,0,1,0,0,0,0,0,0,0,0,0,0,0,0,0,0,0,0,0,23,0,0
6722,21,0,1,0,0,0,0,0,0,0,0,0,0,0,0,0,0,0,0,0,14,0,0
6723,25,0,2,0,1,0,0,0,0,0,0,0,0,0,0,0,0,0,0,0,17,0,0
6725,24,0,1,0,0,0,0,0,0,0,0,0,0,0,0,0,0,0,0,0,19,0,0
6726,26,0,1,0,0,0,0,0,0,0,0,0,0,0,0,0,0,0,0,0,16,0,1
6727,30,0,3,0,0,0,0,0,0,0,0,0,0,0,0,0,0,0,0,0,24,0,0
6728,35,0,0,0,0,0,0,0,0,0,0,0,0,0,0,0,0,0,0,0,23,0,0
6729,27,0,0,0,0,0,0,0,0,0,0,0,0,0,0,0,0,0,0,0,17,0,0
6730,29,0,0,0,0,0,0,0,0,0,0,0,0,0,0,0,0,0,0,0,22,0,1
6731,25,0,1,0,0,0,0,0,0,0,0,0,0,0,0,0,0,0,0,0,18,0,0
6746,23,0,1,0,0,0,0,11,0,0,0,0,0,0,0,0,0,0,0,0,16,0,2
6747,22,0,0,0,0,0,0,5,0,0,0,0,0,0,0,0,0,0,0,0,20,0,0
6748,21,0,0,0,0,0,0,7,0,0,0,0,0,0,0,0,0,0,0,0,14,0,0
6749,27,0,0,0,0,0,0,11,0,0,0,0,0,0,0,0,0,0,0,0,19,0,2
6750,21,0,0,0,0,0,0,8,0,0,0,0,0,0,0,0,0,0,0,0,13,0,1
6751,31,0,0,0,0,0,0,8,0,0,0,0,0,0,0,0,0,0,0,0,19,0,0
6752,24,0,1,0,0,0,0,10,0,0,0,0,0,0,0,0,0,0,0,0,13,0,0
6753,45,0,0,0,0,0,0,16,0,0,0,0,0,0,0,0,0,0,0,0,30,0,3
6754,38,0,0,0,0,0,0,11,0,0,0,0,0,0,0,0,0,0,0,0,26,0,0
6756,32,0,0,0,0,0,0,12,0,0,0,0,0,0,0,0,0,0,0,0,13,0,0
6757,29,0,4,1,0,0,0,13,0,0,0,0,0,0,0,0,0,0,0,0,11,0,1
6758,29,0,2,0,0,0,0,8,0,0,0,0,0,0,0,0,0,0,0,0,6,0,3
6759,30,0,0,0,0,0,0,11,0,0,0,0,0,0,0,0,0,0,0,0,7,0,1
6760,29,0,0,0,0,0,0,14,0,0,0,0,0,0,0,0,0,0,0,0,11,0,0
6761,28,0,2,0,0,0,0,10,0,0,0,0,0,0,0,0,0,0,0,0,8,0,0
6762,29,0,0,3,0,0,0,9,0,0,0,0,0,0,0,0,0,0,0,0,6,0,0
6763,27,0,1,0,0,0,0,11,0,0,0,0,0,0,0,0,0,0,0,0,10,0,0
6764,27,0,1,0,0,0,0,14,0,0,0,0,0,0,0,0,0,0,0,0,10,0,1
6765,28,0,2,0,0,0,0,5,1,0,0,0,0,0,0,0,0,0,0,0,18,0,0
6776,21,0,1,0,0,0,0,4,1,0,0,0,0,0,0,0,0,0,0,0,8,0,0
6777,29,0,1,0,0,0,0,12,3,0,0,0,0,0,0,0,0,0,0,0,10,0,1
6778,18,0,1,0,0,1,0,5,1,0,0,0,0,0,0,0,0,0,0,0,8,0,0
6779,23,0,2,0,0,1,0,5,1,0,0,0,0,0,0,0,0,0,0,0,13,0,1
6780,18,0,1,1,0,0,0,6,1,0,0,0,0,0,0,0,0,1,0,0,9,1,1
6781,34,0,2,0,0,0,0,8,1,0,1,0,0,0,0,0,0,0,0,0,16,0,1
6784,25,0,1,0,0,0,0,7,1,0,0,0,0,0,0,0,0,0,0,0,15,0,0
6818,16,0,0,0,0,0,0,0,0,0,0,0,0,0,0,0,0,0,0,0,11,0,0
6829,22,0,0,0,0,0,0,18,0,0,0,0,0,0,0,0,0,0,0,0,11,0,0
6830,20,0,2,0,0,0,0,20,0,0,0,0,0,0,0,0,0,0,0,0,6,0,0
6832,32,0,1,0,0,0,0,31,0,0,0,0,0,0,0,0,0,0,0,0,15,0,0
6833,31,0,2,0,0,0,0,30,0,0,0,0,0,0,0,0,0,0,0,0,18,0,0
6835,23,0,2,0,0,0,0,21,0,0,0,0,0,0,0,0,0,0,0,0,11,0,0
6837,19,0,3,0,0,0,0,17,0,0,0,0,0,0,0,0,0,0,0,0,4,0,0
6838,22,0,2,0,0,0,0,20,0,0,0,0,0,0,0,0,0,0,0,0,5,0,0
6936,23,0,1,0,0,9,0,16,0,0,1,0,0,0,0,0,0,0,0,0,9,0,0
6939,16,0,0,0,0,8,0,13,0,0,0,0,0,0,0,0,0,0,0,0,6,0,0
6960,18,0,6,0,0,0,0,16,0,0,0,0,0,0,0,0,0,0,0,0,18,0,0
6961,18,0,1,1,0,0,0,17,0,0,0,0,0,0,0,0,0,0,0,0,18,0,0
7011,28,0,14,0,0,0,0,22,0,0,0,0,0,0,0,0,0,0,0,0,25,0,0
7014,17,1,2,0,0,0,0,13,0,0,0,0,0,0,0,0,0,0,0,0,15,0,0
