question,code_time,num_events,num_deletes,num_blank
1115,24891.97199999995,99490,11343,30
1119,33400.780999999966,78604,8589,44
1163,5773.203999999995,21194,2851,2
1246,9952.898999999994,18813,2071,7
1019,12875.48299999998,25600,3453,17
1031,21732.70299999993,143123,10806,38
1081,22614.043999999925,69906,7695,26
1093,20854.260999999977,64982,8131,48
1025,13590.206999999971,25699,3132,12
1037,8425.002999999993,28765,4168,22
1030,24690.391999999985,151495,11026,59
1120,26683.133999999955,55772,6548,20
1155,11895.630999999994,23881,2656,1
1169,17472.25099999998,15250,1510,3
1194,13945.729,14334,1565,0
1208,10128.900999999993,10458,1150,0
1247,33113.44299999999,30963,3918,3
1262,9505.607,8760,843,3
1285,32982.212999999974,47604,5805,6
1308,2536.5669999999996,6646,884,1
1020,13297.434999999974,33921,4688,13
1034,11125.779999999988,30174,4845,21
1087,24776.953999999954,84180,7693,27
1114,26071.814000000002,90480,11284,33
1127,23555.442999999952,56573,7337,34
1174,15308.955999999998,20521,2364,1
1201,8622.939999999995,14980,1873,0
1209,10745.566999999992,8773,970,0
1253,19978.002999999993,26996,3074,5
1260,9946.137999999994,15609,1405,2
1295,13486.913999999986,31788,3899,12
1023,14646.001999999977,21832,2780,7
1084,24895.13999999996,57820,6637,24
1091,22469.52499999997,42662,5333,41
1126,23304.759999999955,46391,6068,19
1162,6422.199999999998,14018,1842,3
1170,5945.870999999996,11396,1157,2
1195,8736.827999999987,14280,1559,1
1207,9647.122999999994,12694,1681,0
1257,26209.715999999975,23090,2688,11
1270,3608.9809999999948,13486,1222,2
1297,20005.606999999996,28661,3098,4
1299,4575.385,12741,1519,5
1028,16183.382000000003,179184,14177,46
1080,19907.34599999994,60696,6141,22
1097,31559.27699999998,58315,7106,34
1109,11911.74199999998,91054,9991,38
1160,4785.676999999998,17442,2116,3
1173,6143.097999999984,7352,821,0
1193,20582.23999999998,24631,2954,2
1214,8708.163,6519,689,0
1266,8399.05099999999,15196,1592,2
1002,11205.360999999986,14360,1556,4
1082,37327.36699999992,77954,8328,27
1096,12722.153999999995,75339,9854,38
1122,29729.935999999954,91183,11729,43
1152,16853.907999999992,28478,3248,7
1167,12692.895999999988,13849,1212,1
1200,9139.213999999996,11580,1112,0
1203,12610.380999999996,15571,2111,2
1252,27384.511,32164,4690,4
1268,6771.028999999996,17303,2113,0
1293,40853.09999999997,55279,6276,12
1309,8993.559,14129,1521,0
1022,10378.399999999987,21003,2645,6
1090,19022.564999999984,48197,5460,17
1094,20179.885999999977,67890,9422,15
1149,15007.930999999982,47470,5658,22
1157,14446.985999999994,19239,2264,7
1206,10323.527999999995,8320,726,0
1250,18219.056999999986,20137,2125,6
1296,44274.99499999995,55039,6822,27
1027,18057.203,164281,12435,50
1095,21083.085999999952,62971,7650,31
1110,21283.634999999947,42458,4531,5
1161,14835.013999999997,29602,3649,1
1196,14167.788999999984,20848,2366,0
1210,9785.478,13751,1557,2
1018,13408.858999999986,22300,2673,12
1038,8974.916999999985,26244,4125,9
1086,22881.619999999974,57321,6405,34
1116,22641.71999999999,39632,4929,6
1202,15527.814,25643,3153,1
1204,10846.291999999996,10123,1167,0
1255,14692.508999999984,19765,2092,6
1294,44070.641999999956,51434,6131,7
1300,2404.6319999999996,8358,994,0
1089,26983.238,56705,7549,17
1117,13645.05999999997,84796,9800,13
1113,26518.801999999978,98833,10920,12
1125,19802.388999999934,39680,5042,26
1205,14487.329999999985,18052,2190,5
1264,8178.391999999995,11578,1296,0
1288,32035.85899999999,40286,4716,17
1021,12463.385999999986,23277,3413,5
1111,13653.634,73661,8102,37
1249,16688.368999999995,22156,2673,8
1290,27022.38399999996,71956,8667,13
1197,11882.556,20049,2449,1
1211,16255.224999999988,19484,2227,0
1269,9680.812000000007,18960,1798,0
1298,23053.232999999997,36105,4456,13
1307,5582.886999999997,12084,1340,2
1092,29924.57699999993,71163,8545,21
1112,16066.444999999958,34582,4280,5
1147,18527.06399999998,40319,4773,30
1165,7903.893999999998,10512,971,0
1263,9680.687999999996,12612,1015,4
1286,33784.12299999997,59416,7069,10
1306,4864.434999999996,20608,2204,1
1032,18773.15499999999,113047,9474,51
1146,16509.27599999993,49290,6471,23
1156,8810.886000000006,11820,1336,6
1304,5774.426999999993,21924,2321,6
1035,5821.939999999981,18786,2865,12
1254,18326.744999999977,17446,2116,0
1098,20510.227999999966,49418,6029,30
1251,17747.393,17225,1988,5
1265,13017.224,19055,1914,3
1171,8610.199999999997,7288,830,2
1192,13941.748000000007,14495,1480,0
1261,12261.883999999995,17358,2000,0
1083,17005.259999999973,58243,7233,16
1164,10266.611999999994,11324,1194,0
1305,9610.65,12754,1344,2
1258,11730.181999999993,15539,1547,1
1036,6180.349999999994,16524,2557,5
1248,19105.319999999985,24371,2661,6
1148,19937.658999999978,61567,6774,27
1159,8681.554999999993,22171,2587,3
1175,15825.710999999994,18264,1917,4
1256,6834.693999999996,10768,1382,2
1287,29351.59399999998,29176,3238,4
1303,8310.546999999995,11421,1520,2
1026,8112.277999999985,16237,2463,4
1199,10620.14599999998,18249,1961,0
1213,5438.303999999996,6771,870,0
1153,8795.578999999996,14171,1696,1
1166,12252.657000000014,16759,2556,0
1301,1563.2209999999982,11912,1508,0
1024,15949.661999999958,34132,4972,19
1088,19723.47899999999,54366,5387,16
1198,9603.169999999998,9664,1170,2
1085,22574.072999999986,72149,7659,24
1029,20668.517999999927,200489,14292,69
1212,20293.708999999988,16767,2007,0
1267,3666.673000000006,8335,942,0
1158,11619.72899999999,23898,3488,4
1289,44129.82199999999,52339,5640,12
1291,37707.250999999975,50256,5951,14
1033,9194.229999999987,31531,4818,5
1154,15347.626999999995,16382,1917,2
1302,2352.904999999997,16007,1887,0
1168,6626.726999999996,11086,1438,2
1292,33933.216999999975,48272,6541,18
1172,8540.582999999999,10332,1090,3
1124,0,7020,703,3
1118,0,8939,807,1
1128,0,5842,609,4
1121,0,9618,1004,2
1123,0,3228,499,0
1354,4043.931,16523,1799,6
1370,20243.062999999987,24729,2660,4
1378,3423.87799999999,6049,577,0
1391,10858.783999999992,36956,3936,19
1407,35745.95299999996,56831,6622,7
1414,1089.337,1337,159,2
1479,6674.479999999969,35043,3741,4
1481,14811.459999999957,33135,3957,2
1499,6851.868999999988,9499,1057,3
1540,19431.984999999968,50477,6000,24
1546,798.4709999999994,6689,724,1
1602,14470.709999999977,41012,4605,39
1611,5666.295,27957,3748,27
1621,31859.411999999957,76466,9901,21
1645,40137.97100000016,154137,11474,44
1654,40701.39699999995,122413,12412,49
1717,7571.5269999999855,19349,2070,8
1369,26774.233999999997,46721,6608,12
1384,3722.2179999999935,4958,408,0
1400,32205.88199999997,47959,4764,8
1410,6654.138999999986,9122,1129,1
1480,14493.944999999987,34802,4044,10
1503,3363.8859999999986,8012,641,1
1359,5326.592,10568,1147,5
1364,22590.361999999957,89629,5981,24
1374,3964.566999999988,5109,548,0
1392,28020.603999999985,108238,9839,34
1401,28067.75599999999,46109,5803,9
1411,2381.930999999995,11021,891,4
1483,11793.631999999967,42995,5232,7
1495,4265.742999999999,8350,627,2
1505,0,5915,750,0
1529,12161.199999999983,34042,4219,25
1664,2051.390999999988,5721,575,0
1714,9081.399,30682,4383,14
1738,16058.665999999976,46964,3597,13
1350,10272.23299999999,23619,2800,8
1393,12790.462999999989,58932,5124,20
1405,16085.540000000003,21900,2402,7
1486,11108.660999999964,32629,3952,8
1494,4946.516999999934,25200,1438,3
1500,4878.883,14026,1614,1
1371,25233.686999999976,45776,6612,5
1380,4234.657999999994,20425,1579,4
1381,5892.396999999979,8205,927,6
1397,16520.81899999999,75126,7874,30
1419,426.07000000000016,341,28,0
1497,0,11148,1378,2
1506,6121.926999999986,10584,1109,4
1597,25773.140999999985,76211,8331,43
1617,16678.378999999983,37722,4629,21
1355,8009.108999999985,9830,1064,10
1366,28955.29599999998,119090,8659,26
1396,24460.208999999995,126606,12948,76
1485,9083.363999999987,17381,1789,2
1525,13077.657000000003,22679,2970,12
1536,17813.272999999986,39275,4670,26
1550,0,9130,1060,5
1360,2536.4779999999882,8376,1087,2
1377,3039.091999999995,9558,1007,2
1353,4093.0199999999886,9016,1092,1
1363,25621.359999999982,31404,3526,9
1376,4580.7829999999985,14862,2224,8
1403,28702.264999999974,41861,4784,12
1524,16147.458999999992,26888,3543,29
1352,6086.844999999991,6441,858,4
1361,29699.125999999975,56382,6449,11
1382,3177.2199999999943,4308,373,0
1408,21147.064999999984,35275,4098,12
1492,8206.440000000257,22815,1971,5
1604,2245.373999999998,18012,1937,17
1716,5784.434999999997,21680,2528,26
1600,21665.698999999888,120862,10024,51
1666,3256.774999999998,2658,257,4
1710,14109.527999999995,33331,4310,19
1349,7899.496999999978,21461,2099,5
1383,2079.3979999999983,3418,317,0
1487,11654.477000000012,27483,2714,3
1599,27361.41599999999,133129,12751,59
1620,40807.99699999998,54499,6039,24
1727,5626.855999999997,64330,8884,34
1730,15656.782000000097,48522,3281,6
1643,28825.904999999937,143074,10280,70
1732,11378.192000000021,39195,2019,4
1413,1882.2379999999994,4130,601,0
1504,4285.15299999999,4554,375,1
1527,20600.59999999999,25876,3108,8
1533,15254.874999999989,30572,3296,27
1598,17073.404999999955,117904,12419,42
1646,48697.231,205950,14246,34
1657,37522.86099999995,87879,8833,30
1709,16110.101999999988,34847,4092,22
1722,4685.222,14663,1800,7
1737,8814.70699999997,41668,2487,11
1368,13510.18399999999,27670,3902,9
1379,5698.459999999994,15207,1783,3
1395,18820.764999999967,102360,8834,43
1416,1594.154999999999,2665,301,0
1534,13935.779000000006,35976,4077,14
1544,3176.8129999999974,10804,1125,0
1641,37603.64699999989,228361,16506,63
1650,29200.273999999976,101851,8901,44
1671,314.47299999999956,1177,133,0
1718,4615.561999999994,26417,3410,21
1394,19347.394999999964,105147,10295,47
1549,5968.45900000001,7336,885,2
1735,14411.869999999915,63095,4927,19
1655,36775.25699999991,102972,9741,38
1728,10684.063999999997,60449,10352,25
1362,20531.369999999988,21975,2466,8
1390,17281.941999999937,72961,5891,29
1482,9409.111999999983,28897,2777,2
1496,2811.7739999999994,15490,1020,2
1501,3436.4679999999794,8804,763,3
1528,17538.578999999994,30168,3946,12
1402,23387.310999999998,33527,4104,6
1418,10038.358000000027,22935,1679,9
1356,13147.551999999954,38773,4064,13
1399,23768.936999999984,70068,9804,25
1417,2015.7139999999984,12133,1368,6
1491,8210.937999999924,30765,1757,9
1548,787.8649999999959,4006,391,0
1610,2130.3289999999997,8703,1455,6
1619,13930.318000000003,32162,4312,14
1652,30858.196999999942,78615,6892,22
1670,1766.1279999999986,3866,375,0
1725,4200.4410000000025,16160,2086,5
1729,15622.83699999992,33442,2478,7
1412,2241.615,13326,933,6
1478,8128.157999999999,16203,1835,8
1535,14846.17799999999,44934,4848,28
1351,6767.199999999981,24336,2871,9
1609,6603.651000000006,38678,5217,29
1375,1001.268999999998,8634,959,6
1484,13342.995999999985,35564,5325,3
1490,2007.2030000000004,23244,1420,18
1498,954.7789999999992,1913,190,0
1607,8106.163999999992,26289,3294,7
1713,10956.28599999999,25036,3220,15
1734,14091.091000000002,46992,2327,6
1608,4805.021,21012,2825,23
1372,20398.19499999996,41570,6303,2
1596,13011.24099999999,91198,11024,39
1373,2569.823999999994,3132,301,7
1493,1690.5309999999922,17995,1693,18
1398,27203.43299999995,102357,9877,28
1531,20314.911999999968,64378,7920,29
1541,2575.041,7290,935,1
1409,30902.930999999993,41706,4460,1
1507,970.0779999999996,3671,439,0
1593,16832.839999999997,102203,13504,59
1603,12740.357999999997,24331,3088,29
1639,31823.976000000064,115384,9585,23
1712,2216.560999999997,6965,904,2
1537,18008.58799999999,43536,4548,33
1367,24630.416999999972,51899,7558,11
1406,25389.82499999999,29635,3485,12
1539,22257.27999999999,27791,2846,18
1613,11651.795999999971,37257,4670,10
1640,31144.28700000004,173114,13610,44
1651,25899.334999999974,123662,10309,32
1719,3798.0070000000023,30509,4354,7
1649,55355.15599999986,138787,12822,29
1660,283.212,3634,530,0
1736,5560.690999999962,71748,4550,4
1545,3815.744999999994,5696,519,0
1488,2892.1719999999896,48428,3380,32
1594,16412.82399999999,56547,7908,39
1622,26404.27999999998,26340,2898,5
1726,4594.048999999996,35124,4973,12
1612,0,2209,336,1
1615,25376.631,66169,7385,10
1721,3339.4999999999986,18807,2634,14
1644,31994.963999999964,213045,19287,57
1647,33025.26100000005,190764,13510,53
1658,37212.67999999997,101737,10259,39
1711,6568.183000000004,35793,4502,12
1522,14960.151999999991,28418,3418,25
1547,3414.218999999998,5878,624,1
1521,10951.612999999996,27738,3486,6
1601,26332.47299999992,62432,6963,34
1605,7700.454000000016,26409,3649,12
1715,8064.146000000002,16214,2174,10
1365,25936.55699999988,104695,6880,45
1724,7007.838000000002,15148,2074,16
1415,1742.835000000001,1687,178,0
1530,12914.35599999999,38604,4817,17
1653,38360.599000000024,112944,9987,38
1532,9833.428000000002,35849,4101,33
1733,8989.925999999994,31069,1674,9
1606,10052.244999999966,25788,3658,11
1523,30793.97899999999,36775,4755,13
1731,19238.237000000103,61122,3851,9
1648,32236.02399999997,149939,12116,36
1526,23248.014999999978,24212,3329,17
1723,7283.737999999992,26385,4027,9
1720,2977.7360000000003,22122,2534,19
1595,12838.207999999986,90145,13920,36
1404,24744.910999999986,27938,2770,3
1614,35374.20899999999,64392,7382,5
1489,2574.0039999999985,14512,1059,3
1616,15466.868999999995,42561,4980,9
1538,12766.063,34970,3923,17
1542,1558.5660000000007,5125,778,1
1618,11377.063999999988,37563,4879,1
1656,37593.87599999991,102844,8722,32
1642,66302.70400000026,271102,19405,94
1502,1292.790999999997,1011,95,0
1669,0,547,101,0
1661,0,510,55,2
1942,22775.15799999999,31067,4258,7
1995,26124.107999999982,41770,4613,21
1835,11966.196999999995,12137,1451,1
1943,23518.083999999988,26460,3589,2
1982,29927.63399999992,46234,5643,4
1989,29823.139999999974,47726,6106,12
2036,12379.290999999981,37264,4668,19
2129,21866.116999999966,25099,3174,11
2180,25328.46700000018,79529,5520,19
1839,18771.06899999998,21526,2607,14
1937,32810.461999999985,38720,5052,7
1986,19290.904000000006,43357,5799,6
1996,29973.281999999963,39208,4215,8
2126,24294.403999999988,20931,2141,10
2217,21566.591999999975,105868,8507,40
1841,13877.437999999976,19064,2224,7
1945,27209.275999999976,38420,5001,14
1983,21359.797999999973,48116,5336,3
1994,19422.222999999973,37308,3927,15
2034,11555.870999999997,23653,3126,30
2127,29485.77299999998,33592,4746,7
2152,15375.766999999987,16848,2298,2
2179,29374.301999999898,72742,4674,10
1840,15348.701999999988,26546,3681,3
1979,15218.862999999985,26092,3094,1
2032,14022.83099999998,40088,4378,20
2176,15807.154999999997,20037,2742,7
1838,14414.136999999986,18392,1772,13
1988,26030.12599999995,37745,4315,8
2130,20483.589999999964,22148,2600,7
1837,7209.645999999999,7915,897,5
1938,24261.916999999987,32205,4201,11
1980,14959.367999999966,47241,6621,5
1987,20740.55899999995,41090,4508,13
2149,13156.841999999986,15444,1948,2
2181,32363.211000000294,114029,7426,35
2031,20507.671999999995,47608,4416,21
2123,28709.415999999972,28324,3308,10
2154,7766.700000000001,8643,836,0
1833,20508.363999999987,33507,4095,7
1946,23632.70599999999,21320,2474,6
2035,18089.87699999999,49015,5866,36
2124,28508.16099999996,29355,3689,3
2030,12748.684000000005,49775,4876,11
1993,12496.895999999992,25808,2808,7
2037,10918.046999999988,50159,5554,36
1939,20118.17599999998,25332,3053,4
2033,12701.168999999978,29281,4392,15
2146,6723.801999999992,16333,2212,0
1842,13564.478999999985,20585,2592,3
1940,22809.77399999997,29887,4097,3
1981,34102.857999999906,61503,7957,9
1990,21198.74999999997,37569,4320,7
2155,17638.323999999964,30693,3798,4
2039,11558.696999999993,35135,4970,26
2122,20433.09299999997,19402,2206,7
2219,27363.838000000018,91308,6234,33
1977,21999.085999999978,40711,5109,3
2128,22874.657999999985,32552,4141,12
2178,15990.474999999988,35884,3235,10
1978,19355.023999999947,36823,4178,3
2038,27733.05499999998,61237,7283,23
2216,36359.7830000001,131169,8460,16
1941,25524.394999999993,28990,3941,7
2218,16540.946999999975,26612,3217,17
1944,23680.433999999972,29148,3598,6
1836,18343.86799999999,19536,2529,6
1992,33106.935999999936,43938,5244,9
2148,16143.911,15286,2056,3
1985,21083.89799999997,55592,7299,6
1834,14683.809999999981,24080,3091,10
2182,14847.978000000005,18219,2444,4
2125,21180.154999999962,21158,2528,2
2153,14871.652999999988,18491,2344,2
2147,11274.70399999998,20492,2784,2
2121,20700.701999999987,24066,2652,4
2183,13372.980999999987,20328,2721,7
1991,25362.57199999995,39867,4529,6
2151,8691.871999999998,11352,1467,1
1984,11700.984999999955,25827,3210,0
2150,11299.389000000001,15176,2240,1
2177,27171.818000000054,134031,8613,25
1543,2551.3099999999977,2432,269,0
2325,3365.4230000000016,10945,1378,1
2338,6121.325999999994,9772,1126,0
2370,2981.603999999996,4012,417,1
2296,3664.3859999999995,2526,281,0
2345,4508.8539999999975,6185,605,5
2355,6777.466999999987,8209,803,1
2378,5368.320999999995,7458,849,0
2394,5559.691999999996,5509,688,2
2327,2607.97,5303,798,4
2336,11133.92399999999,12382,1200,5
2297,1167.398,1516,71,1
2321,7058.93,11193,1538,11
2303,3357.725999999995,3872,356,1
2323,2704.456,7156,1343,4
2341,2781.957999999999,2803,246,4
2324,4642.923999999997,5351,662,3
2343,7183.34999999998,9689,1174,10
2375,2711.9819999999936,4670,567,1
2326,8522.598999999993,9659,1297,5
2339,2212.9519999999984,9938,1079,6
1662,1367.535999999996,1188,162,0
2322,5346.290999999992,8712,1519,4
2388,6306.909999999991,7230,1001,5
2357,4466.056999999995,5139,638,2
2374,2502.7079999999983,3267,379,3
2294,3102.136999999998,3664,393,0
2318,4577.998999999998,7376,1017,2
2342,3139.5389999999966,12412,1488,2
2300,5685.982999999998,4642,557,2
2291,2225.234999999999,4317,560,6
2354,667.9270000000012,1965,255,1
2389,1860.8569999999963,3265,415,0
2392,2302.5509999999986,1346,120,2
2363,2865.224000000001,2200,280,1
2376,1842.8999999999983,2047,131,0
2340,5016.644999999994,11088,1299,3
2372,2432.7769999999987,3419,333,0
2373,4060.507,6893,722,2
2396,2536.7919999999986,3177,432,1
2302,2361.9400000000023,3807,372,3
2344,735.7489999999993,3341,357,3
2301,23390.574000000328,115666,5398,21
2362,7554.969999999999,10701,1216,3
2359,1731.1920000000005,1878,227,0
2391,3215.656999999999,4821,605,3
2397,3345.427999999996,4418,529,0
2360,1943.4160000000024,2722,378,0
2295,3166.2270000000003,2460,278,0
2377,3512.3399999999992,3592,491,1
2379,3531.826999999991,5424,533,1
2358,996.4329999999997,4019,466,0
2395,1127.6619999999996,1886,126,1
2371,1464.1279999999992,2633,283,0
2361,1738.655999999999,1588,149,1
2337,2124.7669999999844,5038,586,2
2284,1761.2309999999939,4960,823,0
2405,1527.617000000001,1417,203,2
2319,2418.2519999999977,5643,813,0
2407,1810.4539999999993,1405,285,0
2408,2325.8079999999927,2800,242,0
2406,1030.1199999999956,1930,154,0
2393,2089.441999999997,1692,207,0
2320,292.2340000000001,4094,722,8
2488,0,31079,3779,9
2622,3510.766999999998,29929,3706,21
2621,7487.1599999999835,23425,3219,20
2431,2.706,7953,1348,8
2539,3193.9860000000035,12300,1318,7
2433,353.739,15011,2402,12
2618,7117.14099999999,28014,4385,14
2434,1001.4569999999983,5622,825,1
2619,0,20770,2785,15
2436,2804.284999999999,12286,1944,3
2535,2450.9039999999954,17019,2365,8
2625,3322.438999999998,23093,3701,15
2623,9023.801999999996,38277,5654,41
2437,1530.6740000000007,28932,4714,15
2530,3948.701999999992,27472,3311,17
2537,0,22606,2899,27
2620,1954.703999999998,13980,1767,20
2487,6040.229000000001,57326,6179,11
2489,3385.2279999999846,47857,4779,15
2533,893.8740000000001,16203,2520,18
2538,8720.845,20906,2788,15
2624,2876.0129999999963,17882,2605,19
2627,1167.3640000000003,14264,1837,14
2626,6789.8209999999945,11172,1253,11
2536,3900.0810000000006,28174,3485,17
2432,1730.7879999999998,9866,1362,4
2534,4333.574,7268,812,5
2438,632.2769999999998,5227,719,2
2532,2023.014000000002,21282,2955,9
2429,0,6257,1030,4
2647,0,344,69,0
2430,777.9449999999999,5686,783,4
2456,5031.917000000002,17263,2081,8
2452,1456.7419999999993,10946,1321,13
2531,3305.2399999999957,26716,4064,5
2558,4188.280000000004,9857,1323,2
2596,4160.557999999996,10543,904,6
2587,3483.5419999999876,13274,1023,16
2461,2518.3609999999994,12115,1172,11
2552,0,11535,1736,1
2435,882.444,6487,844,4
2551,1561.9279999999992,4282,701,1
2460,4241.732999999997,10420,1370,12
2593,1542.5339999999978,8642,550,8
2454,4605.385999999995,26016,3073,6
2588,360.8310000000001,8512,917,27
2457,1273.5940000000003,5696,683,2
2458,3128.5969999999998,12588,1860,11
2594,1691.6889999999994,20774,2078,12
2595,0,24125,2180,15
2459,2358.2869999999984,15657,1709,13
2550,311.6320000000002,9581,1246,3
2553,0,1635,148,3
2455,2044.3910000000017,7718,837,6
2548,0,9274,1342,13
2591,6116.178000000034,25469,2280,6
2592,3545.5249999999796,14728,886,1
2590,4156.0600000000495,9452,637,8
2462,0,401,22,0
2589,0,9997,668,9
2559,703.4309999999998,2105,192,1
2556,1397.2520000000022,1666,265,0
2555,0,1615,140,0
2557,0,323,25,0
2667,3069.5359999999996,8523,1211,9
2759,683.7590000000006,5499,793,8
2805,314.13999999999976,4753,527,0
2827,12839.394000000004,54448,2854,21
2845,23125.374999999898,151771,7408,41
2666,0,1159,78,0
2684,1023.7069999999984,10127,1117,9
2760,4830.402000000018,17398,2255,3
2797,0,5159,806,3
2821,0,4219,511,3
2668,0,1470,242,0
2672,4122.554999999987,49020,2270,15
2850,2475.9939999999815,52113,2922,6
2870,0,8,1,0
2683,4308.6599999999935,21618,1774,6
2764,3468.2169999999987,12301,1748,4
2756,0,669,96,0
2762,868.4059999999967,11402,1149,5
2673,3401.9439999999813,39535,1941,23
2736,1352.4129999999977,3216,463,2
2754,966.7869999999997,494,48,2
2793,2559.787999999998,7616,824,1
2822,0,1029,87,0
2763,1047.9679999999955,4989,558,0
2798,2141.989999999997,10485,1000,4
2844,15790.983000000024,53672,2649,11
2766,1480.3149999999946,10582,1343,4
2792,0,2524,431,0
196,0,10118,1407,9
2876,0,15105,2111,8
2761,1680.854,9497,1396,3
1749,2318.8329999999955,19248,1686,8
2873,495.8839999999997,14405,2004,7
2818,715.1660000000007,3280,298,3
2852,16893.31100000005,59534,3213,13
2670,1135.1169999999988,4848,438,3
2820,854.1009999999997,6762,715,3
2853,7576.740999999919,39182,2256,18
2664,0,1488,233,6
2791,4147.066999999999,4948,608,5
2824,957.7599999999995,2952,445,3
2847,15833.8839999999,69925,3149,28
2874,4264.58799999999,17063,1908,19
2804,853.9389999999978,31907,1773,10
2823,260.60999999999984,11252,723,4
2825,0,272,29,0
2794,424.6259999999994,14455,1230,11
2826,4497.611999999967,54196,3061,29
2796,1299.9909999999993,379,44,1
2795,2345.3820000000005,7417,717,3
2851,4088.3809999999676,52679,3809,24
2819,1169.27,6612,759,10
2671,1577.9180000000033,21892,786,11
2669,334.1940000000003,1839,171,6
2665,0,2412,348,0
2768,1308.516999999999,9943,1034,4
2765,1486.951999999999,3272,417,0
2848,3133.946000000022,14357,974,4
2846,8267.418999999942,55105,2343,10
2872,7779.042000000003,18606,2980,2
2767,1079.9809999999984,7453,967,8
2849,8686.641999999923,41614,2014,17
2882,2271.772999999974,21384,1588,4
2836,0,143,9,1
2924,2103.8829999999934,13646,1772,2
2928,4446.337999999999,16399,1856,15
2973,6337.625999999992,55191,5559,52
3041,6614.809999999996,53309,3248,39
3057,7396.621000000041,24696,1541,5
2970,5225.376999999971,38336,3662,22
3181,2704.4360000000015,34622,2353,10
3212,1743.118999999963,33462,1742,9
3034,8307.138999999977,30380,2239,6
3056,0,1800,133,9
3182,3388.3070000000034,28516,1992,3
3210,1206.8579999999827,32139,1859,14
3178,1364.8959999999838,11331,991,5
2951,686.0169999999991,3809,579,0
2967,8961.485999999988,56394,4695,25
2975,4563.597999999998,21226,2695,12
2969,2408.9179999999947,26949,3319,17
3038,6701.808000000038,57625,3138,18
3087,2845.908999999999,29498,3393,15
3141,7099.639999999984,46254,3395,17
3179,5184.280000000012,29745,3465,6
3214,5293.230000000046,19601,1496,7
2950,0,1362,193,0
3054,287.3970000000022,14853,1251,13
2949,0,5281,956,1
3213,0,29329,2547,1
2966,4255.749999999999,23442,3065,26
3139,2794.068,23310,2827,15
3208,4890.901999999963,26834,2146,7
2974,4716.695999999996,21908,3040,11
3055,1806.0139999999756,19060,1469,15
3093,4624.105000000012,20213,2820,15
3138,5898.144000000038,29182,2489,13
3209,1803.3849999999995,14341,1857,2
3135,4941.6169999999765,13573,1405,7
3059,2723.2579999999953,12762,965,6
3058,3320.0949999999784,15206,1102,14
3095,4772.238999999984,21866,2864,15
3215,1500.975999999998,6154,575,1
2935,2928.2029999999995,9115,1138,5
3031,4844.909000000035,37636,2525,35
3089,2330.412000000001,24720,2827,13
3134,2266.8169999999695,21384,1860,20
3217,742.1460000000003,26679,1480,15
3039,6782.431000000007,52195,4663,22
3177,2441.1789999999824,30681,2121,12
3176,4474.761999999996,43157,3353,12
2972,9674.44100000001,28419,2656,22
2920,1015.3599999999996,24710,3767,10
2934,1879.9880000000014,6889,905,11
3052,4897.828999999965,17990,1111,7
2971,2624.5730000000012,12943,1701,9
2930,2506.288999999996,16834,2393,22
3035,5509.992999999981,54655,3705,18
3051,806.8370000000006,28806,1759,19
2927,3257.1489999999976,18466,2970,10
2931,587.7389999999998,6204,991,4
3091,1298.1849999999965,16428,2248,13
2932,526.8379999999999,9945,1485,5
3037,6394.716999999968,37253,2008,39
3183,4066.985999999997,22725,2893,5
2921,2222.191,21092,2779,14
3090,3456.908000000005,12660,1649,11
3185,1214.6389999999901,4781,385,0
3096,3914.389000000002,13897,1684,13
2933,0,6439,822,7
3088,0,11591,1579,4
3211,1944.7260000000017,12189,1197,5
2936,210.10099999999986,9481,1643,8
3229,4311.044999999997,6067,529,28
3053,2573.958999999995,16111,1043,14
2968,18349.19900000007,162285,10869,36
3033,1568.8589999999976,49681,2794,51
2918,0,20048,3152,15
3032,6959.711999999957,53106,3019,31
3140,2414.157000000003,10539,1193,1
2919,1592.7589999999996,9254,971,3
2929,0,5012,679,6
2925,2343.979999999998,9918,1575,6
3092,3931.714000000003,17018,2446,6
3207,10338.597999999964,20045,1603,9
2937,2975.6630000000023,10835,1514,6
3124,3396.924999999993,28783,2384,12
3136,8412.431999999986,32160,2397,24
2922,1011.9109999999994,10504,1551,5
3036,4631.618999999968,39029,1978,13
2926,1044.174,12206,1619,18
3123,906.1859999999996,20686,1688,29
3184,0,28522,3176,18
2923,2007.025999999996,4032,575,6
3180,4233.338999999992,36178,2469,3
2945,1632.1009999999976,7677,1231,1
3068,592.7509999999967,38186,5014,20
3137,4175.403999999955,42958,2668,20
3065,2604.505,20610,2715,11
3063,7698.961000000013,49436,6434,9
2946,0,13047,1998,12
3069,6981.175999999994,31314,4146,19
3062,9058.031999999985,31861,4140,12
2944,164.78500000000005,10920,1765,10
3060,1805.185999999992,20367,2231,8
3066,1141.8649999999996,21293,2771,20
2939,3631.1849999999977,5380,816,1
3067,5660.446999999996,24523,3333,20
3064,6308.391000000009,29496,3801,9
3097,4790.07200000002,14845,1950,9
2941,339.70500000000004,5925,920,2
2942,1370.4789999999991,8188,1177,3
3061,2187.6179999999977,13326,2043,6
2947,687.2170000000003,7161,1005,3
2940,3755.540999999996,4146,546,3
2943,0,4515,594,6
2938,1418.6839999999968,21655,1296,10
2543,0,5130,637,2
3219,0,2686,210,2
3216,0,9921,759,8
2996,188.59099999999992,469,14,0
3309,6151.124999999955,150281,8750,23
3385,320.49900000000116,51046,2626,18
3384,7304.138999999976,54293,2801,12
3370,1299.0679999999945,21723,976,7
3387,4205.782000000029,45926,2250,13
3388,5641.278999999933,45130,2081,8
3383,6881.451999999993,44489,1879,31
3368,3143.3359999999716,50552,2858,18
3369,7479.142999999962,31964,1840,10
3386,4856.959999999961,46524,2305,13
3371,5262.088999999953,60905,3060,28
3589,10407.110999999895,132906,6630,45
3680,11949.49599999996,80890,3797,44
3592,9271.835999999936,80288,4458,29
3677,14073.93499999991,59883,2695,20
3682,13128.426999999981,61381,2980,36
2884,0,29405,1673,5
3586,3343.5169999999557,117366,6008,48
3582,7560.942000000043,46710,2690,12
3591,6221.466000000022,83845,3730,31
3678,18169.504999999896,76467,4130,43
3593,11754.209999999857,127816,5842,25
2883,0,2120,105,2
3534,536.2639999999917,3016,104,2
3673,10849.583000000046,62111,3251,12
2049,756.2860000000007,15510,850,16
1016,151.69000000000037,3703,158,2
4236,0,5888,158,5
1801,0,3073,204,1
2894,1860.0879999999797,8221,550,0
2895,0,9890,347,2
3769,619.2429999999995,6683,493,6
3770,192.79600000000005,1752,41,9
825,423.5179999999975,7121,385,3
1015,2588.8069999999934,13152,404,3
1017,0,1767,31,0
2886,0,15879,907,2
3774,300.45600000000036,3251,74,0
1014,1165.6569999999979,6186,338,3
1804,0,914,16,0
1803,0,1269,22,1
1446,0,332,17,0
3681,6407.363999999941,54565,2918,12
3536,456.2849999999989,18044,798,8
3585,0,5458,224,0
3587,16885.941999999908,104709,4591,33
3679,10042.58999999998,78149,3764,30
3583,9114.942999999968,46894,2359,23
3590,13092.486999999974,117810,5294,20
3584,8506.591000000002,58032,3239,20
3588,15886.975999999886,109207,4792,29
3672,12124.06499999996,42446,1903,13
1103,0,4098,112,0
1386,1574.119999999984,3852,140,1
1855,0,6566,414,1
2442,0,1049,23,1
3334,0,13608,850,0
652,0,1678,121,6
2885,6437.797000000198,30217,1649,13
3535,517.2939999999992,8811,432,2
3581,2449.4879999999866,33009,1351,18
5169,10547.328999999983,107285,6680,33
5192,4639.1999999999525,16936,753,4
5240,722.1099999999933,27087,1400,5
5245,16922.166999999787,233340,8699,43
5289,6307.503999999912,52437,2635,16
5294,0,3621,140,3
5383,6903.883999999982,75408,3436,3
5164,13473.733999999955,69122,3695,29
5252,5021.376999999984,29839,1070,0
5290,8091.040000000006,49566,2073,15
5168,8024.458999999937,116450,6678,62
5235,8449.92400000005,62802,3012,9
5244,8747.643000000156,40373,1720,12
5283,14993.944000000049,66409,3813,24
5295,0,2213,94,2
5369,9460.260000000006,24581,713,5
5385,7168.723999999907,34296,1506,10
5249,11195.970000000143,232117,8918,33
5255,4899.927999999949,78093,2612,11
5171,10200.312999999971,100479,5275,68
5194,4539.699999999973,43251,1695,17
5231,3213.1589999999733,41782,2099,6
5254,9862.75000000001,81387,3457,50
3524,11785.206000000191,43758,1757,10
5293,2633.663999999988,38706,1743,12
5371,8914.01200000002,17344,758,4
5387,2813.112999999957,48806,2480,4
5162,7316.765999999916,48123,1997,27
5163,7758.993999999962,70269,4238,34
5256,1348.0719999999937,23113,941,5
3580,2228.607999999984,34339,2100,4
5269,492.1799999999983,58508,3113,8
5390,4054.3830000000053,52837,2338,4
1225,12624.20699999991,39383,1426,8
5193,14832.027000000018,86018,4288,20
5246,12951.07699999988,196323,7175,27
5166,11557.003999999964,86694,4821,41
5234,1449.2069999999921,40872,1985,2
5250,8665.363000000178,85105,3127,9
5258,746.9209999999964,28662,1334,6
5296,0,3729,134,2
5389,7963.557000000106,54368,2183,4
5197,5727.001999999949,39994,1685,15
5292,9795.630000000045,49624,2991,10
5370,7710.9300000002695,53178,2693,9
5384,5134.440999999939,46075,2552,6
5248,1669.6939999999609,62965,2659,16
3527,5180.718999999979,24410,1140,2
5239,4094.9669999999683,39219,2104,7
5251,41484.88000000162,436753,14023,35
5388,9165.101999999819,52354,2556,23
5167,10585.290000000046,78770,4864,40
5191,1022.9989999999902,9953,217,2
5237,5303.814999999946,63863,2667,25
5259,8198.400999999969,62861,2970,20
3526,1735.8409999999888,35558,1343,3
5286,8946.565000000082,48196,2138,14
5195,6185.398999999943,27529,1319,3
5236,4560.778999999984,38482,1731,11
5297,1174.3749999999945,1348,55,0
5189,2353.3109999999783,16970,753,5
5386,8359.96499999989,78281,3739,6
5287,4752.682999999979,45458,2460,12
5165,5595.7800000000725,66883,3909,26
3525,2738.90499999998,20479,902,8
5190,7980.118999999931,36860,1493,8
5196,6924.877999999934,56080,2353,12
5367,4019.5219999999713,21116,738,4
5172,6112.584999999958,64509,3377,30
5188,4704.547999999975,75042,3300,32
5382,1826.262999999991,36018,1547,6
5233,5966.291,45815,2304,22
5247,11774.482000000044,167414,6884,19
5288,12937.651000000034,61465,3453,23
5187,0,5088,202,1
5299,2550.557999999978,16868,743,5
5308,3100.598999999994,18196,654,20
5302,1572.380999999992,15052,885,10
5307,4149.295000000005,21888,1006,7
5291,4038.4790000000166,48175,2492,17
5257,4689.518999999964,45824,1973,16
5300,9092.240999999982,47371,2561,9
5170,14555.809999999832,83844,5200,38
5241,6123.473999999987,36895,1802,8
5303,401.36599999999856,5334,329,15
5301,977.4919999999929,9896,486,3
5310,3225.5010000000316,25307,1215,14
5374,9918.164000000013,53545,2549,29
5238,7754.2139999999645,43935,2045,5
5309,4289.903999999977,29373,1560,11
5311,314.6980000000011,35710,1643,20
5260,3671.709000000061,27205,1404,12
5305,0,21163,1108,8
5304,0,37749,1704,15
5253,522.4170000000013,1862,14,1
5306,226.7870000000002,15407,600,0
5313,672.7999999999871,5321,219,5
5312,1348.037999999991,20666,1522,2
5019,1220.026999999998,31741,1305,7
5625,6077.64399999994,107330,5590,30
5627,1618.9509999999955,22004,856,5
5624,3169.6010000000215,26271,1654,7
5623,5686.690999999962,58999,2432,21
5626,5549.125999999967,58349,2770,19
5622,0,4744,252,3
5924,0,2297,79,0
5930,3056.4679999999917,26804,1139,33
5951,7401.199000000046,80479,4160,9
6000,3979.9959999999974,30966,1981,8
6011,2784.7679999999696,35954,1629,11
6071,773.1059999999984,2019,80,0
6111,0,15195,675,1
6150,0,4672,288,0
6197,3650.551999999962,62277,3233,19
6212,9373.512999999977,45814,2352,21
6222,3503.2399999999875,53323,3504,25
6394,6992.032999999963,73560,3529,58
5918,0,4158,335,3
5950,4452.253999999975,68044,2810,26
6246,1721.3669999999838,20693,1280,14
6312,3628.213999999945,34067,1622,15
6329,2708.8729999999714,25395,1003,10
6339,4355.723999999964,15554,783,5
6380,5671.895999999962,52629,2130,18
6368,682.2059999999951,5954,223,9
6073,461.1009999999998,11780,557,9
6149,231.4090000000008,7748,216,15
5935,2988.4729999999818,81828,4622,49
6002,1076.6309999999949,34746,2224,2
6110,1629.3769999999913,19080,692,1
6147,179.99300000000062,9633,436,9
6209,6741.6019999999835,56600,3447,29
6216,0,50646,3028,23
5929,1137.275999999993,54698,3697,10
6010,3958.6849999999863,41452,1894,21
6173,10359.68799999991,45275,2387,14
6219,0,31539,1861,12
6316,6780.947999999915,36983,1595,18
6321,2077.676999999984,20948,1241,1
6335,2717.242000000028,42150,2464,6
6352,1031.6719999999993,37917,2081,23
6359,6855.188999999966,56517,3211,22
6372,7754.761999999953,47890,2418,50
5937,2822.2409999999654,60193,3355,29
6330,1788.633999999965,16405,716,0
6350,2398.8429999999903,36080,1688,5
6363,3179.688999999985,45694,2080,39
6377,3316.8839999999514,39151,1693,11
6396,14107.41099999995,70693,3672,27
5999,1049.0970000000007,23401,960,17
6217,3939.1419999999725,23477,1347,24
6306,4319.554999999853,43215,1788,15
6391,12263.616999999942,78699,4280,58
5998,5350.198999999975,44882,2163,12
6124,1012.3549999999914,41370,1697,5
6144,1591.8899999999855,7934,281,4
6191,1844.5449999999896,65831,3919,8
6200,12315.079999999942,82762,4044,16
6221,2339.8189999999786,37834,1983,12
6315,2579.6439999999775,27877,1179,4
6325,596.7679999999981,10994,554,0
6337,264.82400000000075,33439,1560,16
6345,3777.4020000000132,38991,2474,7
6075,0,8741,425,4
6145,0,5704,309,7
6206,3729.025999999988,59745,3186,32
6336,1407.3789999999863,9810,363,5
6371,13784.25399999995,113731,5571,24
6077,149.827,2818,83,2
6152,150.1250000000004,6511,304,2
6324,0,13940,675,16
6148,687.3049999999947,3993,106,1
6311,5674.293999999976,47970,2109,14
6341,0,14502,816,2
6347,4483.183999999974,59441,3125,38
5947,3326.4459999999685,92110,4762,17
6004,2154.917999999995,33905,1713,14
6041,292.5950000000006,7976,442,14
6204,11134.502999999913,53298,2366,15
6344,4104.278999999982,58956,3136,25
6361,8585.059999999952,44544,2733,14
5921,148.0850000000004,13194,786,13
6305,2284.3829999999543,26263,919,4
5920,1558.1809999999975,3658,239,5
6008,3153.6909999999784,33246,1514,20
6108,1574.893999999984,29140,1486,7
6192,2322.3819999999755,39292,2270,11
6313,0,15202,505,1
6338,1881.386999999982,25106,1277,6
6366,6528.941000000039,63385,3605,22
5936,4061.6839999999306,66458,3538,38
6013,5466.009999999982,36704,1426,8
6146,708.3149999999996,21257,1271,14
6342,3026.3109999999688,41814,2350,25
6367,2386.0149999999917,47221,2638,22
6381,8059.117999999935,59220,3072,36
6196,3628.8749999999877,65120,2837,45
6328,568.408999999998,3394,165,2
6365,3157.673999999991,41412,2103,53
6308,3478.936999999957,56066,2632,12
6245,5055.109000000016,34628,1783,32
6213,4986.149999999963,50675,2364,28
6382,15355.60599999988,80632,4044,47
5932,94.59600000000007,53880,3401,36
6072,307.3940000000004,11702,1011,3
5949,4197.816999999981,53140,2492,26
6351,5166.46999999998,56808,3271,29
6358,7957.524000000043,40914,2054,14
5946,6626.3599999999105,80402,3803,20
6076,1188.3299999999924,5709,231,5
6207,11196.067999999977,64613,3076,41
6247,1991.332999999981,32660,1691,10
6005,3676.689999999985,32648,2025,9
5952,8262.400999999909,58165,3797,22
6003,3441.8969999999513,31626,1425,6
6123,1857.3889999999778,17459,632,6
6175,1050.3889999999922,32400,1476,17
6360,3684.0389999999775,64835,3037,32
6248,2246.079999999996,28988,1373,15
6374,7295.5029999999,82627,4257,29
6014,1704.1769999999894,42730,1788,14
6211,1086.2599999999961,47404,2553,20
6340,0,19460,1132,3
6379,2764.6639999999784,57024,2255,10
5919,0,4716,206,6
5925,1439.2329999999872,1114,108,0
6007,3422.8719999999876,20766,965,18
6070,0,4294,479,0
6201,5701.333999999962,77284,3565,43
6309,3745.463999999936,41746,1983,15
6346,8013.7209999999295,41229,2529,15
6373,6264.914999999998,63284,3135,19
6112,4064.9149999999563,27378,852,16
6393,5764.528999999945,60673,2738,46
6208,5464.657000000035,48826,2387,31
6218,8779.085000000196,54893,2919,22
6299,4072.681999999977,25444,1110,4
5931,6454.306999999915,80301,4485,30
6349,0,11530,662,6
6364,1807.1729999999957,45167,2111,28
6376,10039.75500000004,64022,3051,14
5922,89.01100000000007,4892,281,2
6199,7392.188999999918,88459,4563,34
6375,9097.29499999996,38909,1687,11
5915,1554.2269999999487,8869,850,5
5916,0,21380,1384,22
6198,7364.317999999955,80233,3812,41
6153,116.3150000000002,14821,673,17
6202,7772.585999999972,68194,3107,18
5953,3270.0459999999707,67959,3342,9
6122,3187.773999999974,27268,983,11
6223,4064.680999999984,26553,1543,23
6378,5094.821000000023,54865,2441,43
6294,2298.1129999999594,10195,791,5
6012,2530.4699999999834,31064,1594,8
6109,1131.2949999999912,12096,440,5
6362,2854.8989999999944,43218,2092,38
6214,2106.2399999999916,47180,2176,42
6040,2834.5709999999544,11371,525,5
6009,841.2559999999958,24413,980,11
6203,1840.3349999999941,44595,2375,10
6001,885.8959999999906,15303,888,10
6151,0,2164,168,5
6310,2568.556999999976,41731,2107,10
5909,0,5752,120,0
6006,1249.2419999999909,23725,1038,1
6220,500.1449999999969,25679,1258,12
6107,2675.6949999999715,26895,1004,13
6210,3714.6399999999767,33649,1448,17
5923,0,1226,104,18
6478,3830.874999999942,50109,3907,33
6565,0,43161,1748,22
6607,2374.8219999999874,10685,640,1
6651,6089.0799999998835,45475,1876,10
6674,0,17957,527,10
6612,0,21507,1335,6
6663,3062.592000000014,55165,3611,13
6681,0,45017,2363,8
6511,3621.0149999999626,53490,2638,5
6535,4183.967999999954,51944,3348,21
6652,3051.1419999999644,36879,1625,12
6668,7355.628000000039,46656,2404,9
6610,3849.7499999999727,31763,1915,10
6343,4009.044999999982,26393,1651,14
6513,0,47169,2749,2
6529,767.9119999999947,40124,2606,25
6514,3263.3419999999874,56370,3490,37
6567,0,19540,1084,11
6601,4694.175000000054,34597,1884,5
6604,0,11158,638,8
6629,4599.050000000061,33595,2047,29
6656,2992.5549999999585,26607,1296,2
6662,4743.785000000036,28239,1562,16
6505,2008.3929999999095,53509,3022,2
6549,501.4279999999991,9204,607,10
6613,1617.7699999999763,26727,1724,10
6678,0,18896,777,8
6471,4571.928999999953,28958,1530,25
6515,3364.9260000000413,42999,2622,4
6569,314.5109999999991,25625,1183,8
6649,4938.76499999998,51659,2384,20
6669,2283.289999999977,44548,2094,19
6507,744.0049999999974,23500,1401,4
6563,705.4569999999957,20760,840,14
6602,6684.755999999988,51631,2645,8
6647,4877.012999999966,46224,2221,21
6512,2160.713999999988,20198,1080,5
6587,4795.02100000003,34846,1385,15
6640,0,23876,1387,5
6664,2363.1920000000628,20822,1092,12
6466,0,24113,1706,11
6476,1601.8479999999936,22665,1338,24
6530,1478.0949999999823,28266,1787,17
6564,304.581,16512,670,6
6598,0,56271,3240,7
6661,11362.981000000143,51320,2843,13
6667,0,32107,1690,2
6528,1406.977999999959,23971,1609,10
6548,1723.871999999982,8967,434,12
6665,2860.7920000000427,15820,766,5
6533,0,38295,2306,30
6534,3415.365999999968,43251,2663,23
6568,236.79900000000006,39534,1823,12
6469,3746.3970000000863,60425,4312,26
6510,5550.794999999983,41681,2507,1
6597,8027.471999999972,43843,2985,12
6605,0,10826,477,3
6654,5696.015999999961,41105,1640,10
6670,8572.436999999893,51103,2621,16
6655,8326.204000000142,74120,3785,36
6555,1517.8559999999948,2722,103,8
6627,5672.549999999979,24505,1476,12
6566,567.4439999999963,28434,1686,12
6641,4851.362999999954,19468,932,6
6653,8037.262999999955,42667,2098,13
6682,0,28423,1345,3
6509,492.5379999999962,33080,1567,0
6473,1174.4229999999973,57345,3533,16
6532,2294.280999999987,22856,1158,7
6571,1752.38399999999,18273,844,22
6606,3084.0630000000506,26941,1541,10
6475,1507.596999999989,29913,1682,15
6572,2829.2549999999646,46479,2379,21
6559,0,2685,186,3
6472,6300.519999999966,34741,1508,19
6479,8341.688000000007,64418,4541,21
6561,983.2419999999917,4787,205,2
6570,1770.463999999937,27982,1266,4
6672,1986.0659999999655,30537,1627,3
6467,0,16919,1014,2
6508,0,11328,642,0
6600,4072.6459999999397,20867,734,1
6609,4455.719000000041,33819,2140,6
6560,175.5190000000008,4044,183,3
6639,0,24665,1370,4
6646,17109.880000000063,47812,2082,17
6506,0,21251,1369,1
6474,2448.5349999999953,34083,1574,12
6630,3292.934999999997,41938,3394,10
6628,4017.4319999999575,13708,622,1
6531,0,29227,1723,20
6480,3869.537000000019,32681,2682,24
6481,3152.6439999999766,37916,2811,17
6485,3304.8209999999876,31451,2166,12
6504,2462.4139999999693,29144,2086,0
6562,524.5230000000006,5870,197,2
6608,5802.099000000028,24796,1643,12
6650,6275.589999999953,31432,1201,12
6477,4707.893999999978,30729,2152,30
6484,966.2159999999991,27395,1658,12
6680,0,23070,1234,6
6557,0,8696,455,0
6554,218.11800000000065,5287,257,0
6588,0,24892,1518,9
6624,734.2669999999974,14608,1205,0
6679,0,34774,2227,17
6675,2772.4510000000623,7085,279,0
6483,2453.6469999999963,11175,517,11
6468,0,18723,896,11
6205,0,1407,59,1
6671,0,39012,2090,21
6603,2335.2089999999607,28331,1256,12
6558,270.2890000000011,2685,85,0
6677,0,33662,1493,10
6596,0,13406,632,0
6482,6674.3290000000015,31430,2117,12
6611,0,18340,1301,4
6673,0,23698,1093,9
6626,5883.551999999999,20096,1075,4
6599,5147.24700000005,17960,941,1
6676,0,5571,361,6
6625,2473.38299999998,10155,580,3
6683,0,4861,220,1
6470,264.8950000000002,16444,994,5
6733,4083.1579999999667,25677,1156,10
6751,207.99900000000056,10390,420,10
6753,2126.755999999993,18191,984,9
6700,5097.507999999977,31098,1627,10
6721,217.58400000000023,36419,2156,30
6759,2088.7269999999744,27249,1066,13
6765,8296.890999999918,119193,5928,12
6814,254.14899999999997,17429,1001,13
6829,3136.884999999971,27034,936,10
6768,0,14804,771,11
6781,3415.890999999977,134282,6470,30
6725,712.7939999999986,30238,1536,24
6774,1427.4659999999883,18836,768,2
6780,10837.80900000038,94894,4473,33
6818,7346.641999999982,19392,1091,7
6735,815.7439999999954,13421,565,1
6767,5382.268999999936,28186,1203,7
6782,2960.4929999999667,59791,2617,11
6816,418.1830000000001,3741,182,9
6763,5071.075999999967,36789,2009,11
6772,2313.0459999999757,54741,3140,3
6757,1574.2399999999898,44624,2049,33
6847,0,14034,609,10
6756,5846.364999999934,63652,3132,6
6779,2760.545999999979,85104,3976,11
6741,2100.5619999999785,17524,902,9
6778,4923.78799999991,64960,3364,9
6728,2845.660999999988,43127,2408,19
6749,658.8739999999954,12084,360,8
6811,3666.9149999999863,22740,1322,10
6835,0,22411,1059,12
6729,4634.921000000064,73546,5588,16
6817,380.9320000000007,12378,745,8
6758,1064.6159999999938,31491,1627,9
6746,747.8320000000015,6130,281,4
6784,5941.970999999979,143116,7179,31
6740,2454.4269999999756,18044,885,8
6846,0,8623,546,3
6723,2560.4179999999906,35669,1668,13
6760,1250.8859999999925,24537,1181,11
6783,3053.3100000000663,76993,3659,8
6832,2207.085999999951,36013,1420,10
6726,577.3970000000006,24081,1169,12
6762,5284.566999999978,41894,2139,16
6845,0,10783,681,11
6761,431.2189999999956,30619,1465,4
6722,4397.71499999998,36902,2098,24
6775,2457.2979999999684,13767,572,3
6836,344.3829999999935,23577,1048,8
6731,2963.059999999973,31794,1775,21
6727,1471.6079999999977,46631,2312,19
6813,5557.283000000066,19355,1049,4
6736,0,10452,454,6
6737,2223.0959999999914,18400,1239,16
6766,1110.0969999999934,15812,532,5
6730,1022.1259999999968,41765,2234,38
6777,8670.60100000001,85449,3987,13
6738,186.6890000000004,17853,982,3
6848,1774.5809999999894,5944,270,8
6724,1787.1409999999914,21687,765,6
6770,1337.0459999999766,20489,1028,13
6195,3868.4359999999733,34191,2073,22
6764,5311.012000000028,26546,1421,9
6773,0,23813,1110,3
6830,2331.8529999999764,32982,1540,10
6844,0,9074,445,5
6732,2731.8289999999843,19199,849,22
6701,234.74500000000035,23184,1405,23
6734,813.8629999999978,23063,1104,8
6748,0,5798,252,1
6769,526.8179999999925,11406,341,1
6747,0,15020,876,11
6776,3513.7069999999735,116848,5870,23
6812,1096.2589999999948,15345,830,3
6837,0,25889,1286,4
6752,1359.0179999999932,10269,415,5
6771,0,21779,949,7
6815,5393.517999999953,16687,903,11
6831,4069.5110000000695,29498,1225,6
6833,3158.7809999999654,52119,2893,13
6699,280.7480000000006,18902,1277,6
6754,1139.6319999999919,9968,491,5
6838,8441.043999999987,31738,1463,7
6849,770.2599999999957,5560,248,9
6698,1390.562999999989,43314,2572,9
6834,1274.4549999999895,22265,868,14
6755,326.8419999999999,5156,285,7
7009,6782.028000000166,13821,631,14
6938,1657.8819999999803,47317,2414,3
7010,3682.1989999999914,24420,1266,14
6935,369.0499999999974,25706,1263,17
7011,2381.4249999999815,52016,2955,34
6937,0,47695,2328,11
6960,4566.36099999997,27885,1560,18
6936,3041.3230000000267,61824,3093,10
6961,0,14313,651,22
6931,1341.5479999999927,38313,1697,23
6939,869.342999999987,25217,870,20
7014,1055.1539999999948,28476,1518,6
6932,0,26563,1154,13
7049,8065.737999999884,51693,1991,0
7050,12351.328999999947,39415,2098,22
6750,0,4063,194,0
7013,3076.9590000000344,24381,1162,19
6934,1033.9509999999827,25468,1129,4
6933,0,44131,1708,16
6930,2010.9589999999926,12909,470,6
7012,1283.0049999999942,12493,581,5
7019,0,3792,231,5
6051,859.6019999999952,3368,194,8
