question,num_students_interactions,num_submissions,num_tests,num_correct,num_errors,num_logic_errors,num_syntax_errors,amount_of_change
1115,70,952,1734,38,914,744,170,117530
1119,80,571,907,70,501,299,202,59045
1163,22,67,430,19,48,39,9,12320
1246,18,91,382,13,78,32,46,15240
1019,38,176,176,33,143,55,88,10402
1031,103,561,1828,81,480,143,337,46788
1081,82,413,1031,77,336,180,156,30182
1093,88,789,1330,59,730,592,138,38980
1025,42,155,238,36,119,60,59,13260
1037,50,143,453,37,106,35,71,11376
1024,41,221,212,34,187,105,82,10204
1030,112,612,2257,97,515,205,310,48166
1120,56,678,834,46,632,418,214,32423
1155,21,109,297,19,90,64,26,10076
1169,24,173,422,15,158,120,38,10912
1194,24,167,212,20,147,58,89,11255
1208,19,135,184,15,120,96,24,3766
1247,30,274,533,26,248,112,136,23839
1262,19,158,124,17,141,87,54,3845
1285,53,219,673,46,173,99,74,31372
1308,10,103,147,3,100,59,41,6274
1020,40,249,360,35,214,69,145,15455
1034,52,337,532,42,295,145,150,15891
1087,84,524,1177,79,445,197,248,41503
1114,56,842,1081,26,816,695,121,80519
1127,58,422,469,51,371,227,144,32104
1174,29,184,526,22,162,96,66,9880
1201,21,103,220,14,89,50,39,8179
1209,17,77,149,17,60,31,29,3244
1253,28,241,487,23,218,95,123,14801
1260,19,170,217,12,158,42,116,14427
1295,30,137,447,15,122,92,30,23506
1023,35,114,192,32,82,38,44,9285
1084,67,559,1011,61,498,276,222,27455
1091,64,679,1112,52,627,507,120,27681
1126,59,401,686,52,349,268,81,31949
1162,18,61,245,12,49,26,23,5072
1170,20,90,306,12,78,62,16,5434
1195,15,238,314,9,229,92,137,11455
1207,19,180,269,17,163,77,86,6546
1257,26,186,302,25,161,73,88,11297
1270,11,203,177,2,201,101,100,10762
1297,34,102,292,27,75,51,24,10991
1299,14,163,215,4,159,113,46,8327
1022,34,136,172,27,109,50,59,10221
1028,108,638,2515,85,553,301,252,58491
1080,71,511,1112,66,445,388,57,32995
1097,84,665,1091,60,605,446,159,35332
1109,60,485,1208,28,457,386,71,92771
1160,15,80,296,12,68,49,19,9739
1173,10,55,307,6,49,41,8,4961
1193,29,225,389,20,205,91,114,15194
1214,19,82,101,18,64,55,9,3279
1266,18,165,219,10,155,72,83,11191
1002,38,152,130,33,119,34,85,6343
1082,82,632,1415,75,557,345,212,49091
1096,74,740,1464,35,705,589,116,43288
1122,75,319,899,65,254,181,73,56009
1152,31,80,198,26,54,31,23,8632
1167,24,83,410,20,63,53,10,9087
1200,23,222,196,18,204,145,59,5056
1203,21,98,283,16,82,50,32,8524
1252,32,267,371,27,240,133,107,16928
1268,13,144,275,6,138,59,79,10279
1293,50,287,806,42,245,150,95,38983
1309,20,180,192,12,168,98,70,10099
1090,62,485,719,52,433,306,127,34615
1094,69,684,1588,45,639,532,107,46525
1117,42,553,1150,14,539,348,191,127162
1149,47,269,555,42,227,131,96,34030
1157,29,101,237,25,76,64,12,6658
1198,18,137,216,14,123,57,66,5093
1206,19,77,105,19,58,47,11,3012
1250,22,195,279,19,176,102,74,10473
1296,62,416,632,50,366,247,119,29283
1027,119,664,2400,100,564,262,302,46942
1095,74,814,1201,44,770,647,123,37263
1110,24,136,377,15,121,77,44,27219
1161,27,299,499,24,275,252,23,11465
1196,23,218,471,17,201,136,65,22593
1210,31,193,302,22,171,127,44,9889
1018,39,142,230,34,108,70,38,9449
1038,44,273,394,35,238,131,107,11656
1086,81,388,810,78,310,204,106,23592
1116,34,251,584,19,232,184,48,32482
1156,13,36,224,10,26,16,10,4459
1202,22,448,538,11,437,274,163,21957
1204,20,120,300,17,103,64,39,5989
1255,19,90,325,15,75,26,49,14122
1294,48,229,604,42,187,124,63,34348
1300,14,35,122,6,29,10,19,3239
1089,64,567,919,54,513,341,172,31943
1153,17,64,212,12,52,17,35,7803
1288,34,138,529,23,115,68,47,27739
1113,55,431,917,34,397,334,63,103845
1125,49,239,417,47,192,117,75,20971
1205,32,133,271,29,104,56,48,7308
1264,17,75,172,12,63,34,29,4575
1021,32,84,195,28,56,23,33,8153
1111,52,365,1032,28,337,217,120,78936
1249,23,268,380,19,249,145,104,15071
1290,53,353,1103,36,317,221,96,50962
1197,24,273,396,14,259,177,82,14326
1211,25,187,469,21,166,120,46,12907
1269,19,218,299,6,212,141,71,10586
1298,38,225,441,25,200,101,99,18366
1307,19,145,222,10,135,67,68,6838
1092,74,677,1425,49,628,502,126,44284
1112,29,262,478,18,244,156,88,27184
1147,49,260,461,44,216,178,38,28448
1165,17,132,293,12,120,103,17,6848
1263,18,127,128,11,116,50,66,6515
1286,54,270,952,44,226,146,80,45265
1306,19,135,242,5,130,67,63,16702
1032,114,609,1348,99,510,276,234,33197
1146,49,237,429,42,195,149,46,28142
1304,23,220,397,4,216,131,85,12889
1035,46,150,277,38,112,50,62,10052
1254,19,100,247,18,82,45,37,11312
1098,73,634,1180,55,579,458,121,32884
1251,23,170,247,19,151,85,66,8131
1265,24,197,248,17,180,67,113,7818
1154,22,62,346,17,45,19,26,4433
1171,16,94,160,12,82,42,40,2716
1192,21,565,370,12,553,408,145,16352
1261,21,183,206,14,169,64,105,10674
1302,16,103,133,3,100,46,54,13586
1083,70,486,962,61,425,267,158,31155
1164,22,132,261,18,114,68,46,5447
1305,18,160,194,10,150,97,53,4772
1258,23,130,164,15,115,69,46,9074
1036,39,171,408,33,138,67,71,10388
1248,23,144,338,16,128,42,86,15159
1148,61,242,595,54,188,140,48,46129
1159,25,129,291,18,111,94,17,9632
1175,31,171,401,25,146,108,38,9518
1256,13,181,142,10,171,92,79,5095
1287,36,171,392,32,139,99,40,17472
1303,16,74,162,11,63,45,18,5574
1026,35,144,67,29,115,17,98,6514
1199,14,204,383,9,195,75,120,14535
1213,17,106,178,15,91,71,20,2974
1033,49,484,534,37,447,241,206,16249
1166,19,174,359,12,162,146,16,12044
1301,11,92,228,2,90,61,29,5559
1088,73,527,961,70,457,304,153,26291
1029,127,517,2587,96,421,168,253,57038
1085,81,488,1130,74,414,222,192,34668
1212,28,163,389,25,138,84,54,9086
1267,11,93,125,3,90,43,47,5358
1158,19,160,551,17,143,107,36,9574
1289,43,179,590,34,145,59,86,37568
1172,17,93,247,12,81,58,23,7689
1291,46,322,697,38,284,192,92,29351
1168,14,101,373,8,93,89,4,7786
1292,47,210,677,41,169,119,50,27729
1124,8,142,151,0,142,116,26,7878
1118,56,120,90,48,72,68,4,5824
1128,5,33,107,0,33,24,9,5150
1121,6,225,133,0,225,199,26,6317
1123,2,59,63,0,59,58,1,2658
1354,28,78,340,20,58,28,30,7527
1370,44,84,296,37,47,21,26,10958
1378,6,46,66,5,41,38,3,2205
1391,92,263,734,83,180,142,38,16485
1407,56,537,842,39,498,457,41,24475
1414,5,13,124,4,9,9,0,458
1479,17,270,446,10,260,194,66,40162
1481,24,136,363,18,118,89,29,44927
1499,8,31,85,6,25,16,9,4345
1525,36,210,605,24,186,184,2,11612
1540,59,276,1514,34,242,209,33,35042
1546,6,43,131,2,41,27,14,8979
1550,10,109,256,0,109,88,21,11402
1602,75,292,986,62,230,154,76,16780
1611,31,89,657,22,67,49,18,30203
1621,55,208,1051,33,175,51,124,61310
1645,105,373,2316,81,292,125,167,64562
1654,105,419,1331,93,326,188,138,78315
1717,44,129,456,37,92,64,28,16567
1384,6,11,68,6,5,5,0,2859
1353,14,48,123,10,38,24,14,4465
1369,45,188,773,31,157,42,115,31171
1400,58,364,712,42,322,268,54,23003
1410,20,47,211,19,28,11,17,3722
1480,19,121,469,18,103,80,23,47964
1503,7,34,68,5,29,18,11,3286
1359,24,67,176,16,51,31,20,6822
1364,106,414,1491,94,320,69,251,42538
1374,4,26,49,3,23,22,1,3375
1392,142,553,1432,125,428,198,230,32513
1401,57,371,736,46,325,266,59,22717
1411,17,36,76,14,22,19,3,2649
1483,20,275,459,14,261,198,63,56227
1495,22,44,125,21,23,6,17,3872
1505,4,93,80,0,93,81,12,6243
1529,35,339,609,23,316,248,68,18256
1531,72,398,2303,42,356,299,57,55331
1544,10,207,253,3,204,146,58,9479
1594,90,374,1453,73,301,197,104,36471
1646,120,486,2539,107,379,175,204,73559
1656,91,354,1205,81,273,129,144,64746
1664,5,18,111,3,15,9,6,3151
1714,44,149,775,37,112,59,53,23542
1723,34,164,520,25,139,60,79,21875
1738,27,139,469,22,117,80,37,13297
1350,29,209,406,23,186,131,55,13861
1393,112,414,889,100,314,231,83,19290
1405,41,152,314,34,118,99,19,9369
1486,21,90,458,18,72,58,14,34964
1494,17,61,211,14,47,33,14,14208
1500,8,95,158,4,91,73,18,13333
1371,52,158,732,39,119,45,74,26866
1380,19,58,193,15,43,42,1,6197
1381,7,28,153,6,22,20,2,3916
1397,80,326,1488,55,271,216,55,33802
1419,1,12,10,1,11,11,0,35
1497,11,144,202,4,140,109,31,14345
1506,7,73,130,5,68,53,15,10955
1597,103,440,1520,88,352,166,186,41164
1604,34,125,377,22,103,85,18,14732
1617,34,206,429,20,186,66,120,27331
1642,185,739,3400,150,589,291,298,89207
1661,1,2,7,0,2,2,0,199
1719,20,92,613,12,80,43,37,21513
1734,26,180,538,16,164,93,71,8780
1355,20,57,132,18,39,27,12,5600
1366,107,405,1579,94,311,93,218,50675
1377,6,16,106,3,13,12,1,3828
1396,156,838,2471,129,709,317,392,51427
1485,15,54,224,13,41,36,5,16480
1536,54,323,1557,31,292,244,48,30672
1360,13,52,195,10,42,7,35,4911
1363,47,133,554,41,92,59,33,16596
1376,11,52,234,8,44,34,10,8337
1403,62,249,678,53,196,133,63,19711
1492,17,42,170,15,27,11,16,14999
1524,40,186,585,27,159,124,35,12553
1547,7,32,151,4,28,5,23,4505
1352,9,29,103,7,22,16,6,3267
1361,53,186,1007,38,148,44,104,43088
1382,3,4,49,3,1,1,0,2883
1408,56,144,412,49,95,67,28,13207
1601,80,467,1204,67,400,187,213,26350
1716,46,192,369,41,151,120,31,16529
1733,23,101,220,15,86,27,59,7556
1600,106,541,2014,92,449,244,205,60253
1666,3,8,74,2,6,5,1,3869
1710,53,208,685,49,159,65,94,25949
1349,23,109,534,16,93,73,20,12606
1383,4,11,26,3,8,5,3,875
1487,17,199,300,14,185,179,6,33285
1599,145,423,2328,121,302,130,172,67024
1620,105,248,880,93,155,90,65,36416
1727,70,382,1401,47,335,128,207,58501
1730,25,120,498,21,99,59,40,15390
1643,98,407,2078,82,325,112,213,59958
1732,20,99,327,15,84,41,43,14173
1413,7,64,83,6,58,35,23,1351
1504,5,19,45,5,14,14,0,2912
1527,32,192,528,24,168,143,25,11885
1533,45,252,1006,28,224,191,33,20812
1598,125,777,2548,102,675,441,234,83086
1657,89,271,893,74,197,107,90,43164
1709,43,201,701,33,168,78,90,23525
1722,23,71,332,14,57,34,23,13340
1737,21,112,370,17,95,71,24,12463
1368,31,105,435,16,89,45,44,14511
1379,24,89,254,18,71,56,15,6553
1395,89,518,1982,67,451,342,109,38017
1416,4,40,44,3,37,35,2,800
1534,52,153,1253,38,115,77,38,30357
1618,30,115,763,8,107,55,52,27300
1641,116,341,2507,81,260,155,105,74618
1650,93,265,1155,81,184,88,96,67616
1671,2,3,12,1,2,1,1,455
1718,40,160,485,35,125,87,38,21697
1720,21,206,589,8,198,165,33,18877
1729,19,52,231,17,35,20,15,11053
1399,67,334,1243,49,285,225,60,49907
1394,102,724,1757,83,641,538,103,42633
1549,9,137,133,7,130,45,85,6952
1619,33,110,378,17,93,39,54,19830
1735,31,168,889,22,146,119,27,22721
1603,51,176,536,39,137,97,40,25327
1655,104,251,1199,89,162,85,77,70430
1728,45,530,981,21,509,370,139,43682
1362,47,92,362,43,49,20,29,10361
1390,138,502,1403,129,373,180,193,36226
1482,20,77,261,17,60,50,10,19390
1496,18,61,190,16,45,34,11,6898
1501,7,57,162,5,52,39,13,6810
1528,38,324,649,27,297,278,19,12805
1375,8,54,221,2,52,49,3,7709
1402,56,151,523,49,102,69,33,14093
1418,22,143,224,16,127,96,31,6275
1356,28,343,480,23,320,143,177,20252
1417,19,90,250,14,76,53,23,4106
1491,28,72,184,27,45,21,24,9454
1548,3,62,67,1,61,1,60,5637
1610,26,49,247,24,25,8,17,6737
1652,85,239,970,73,166,95,71,55040
1670,3,10,57,2,8,7,1,2682
1725,38,113,421,28,85,28,57,13986
1367,48,220,841,28,192,144,48,34593
1412,16,76,131,13,63,55,8,2457
1478,14,60,170,10,50,36,14,15939
1535,67,356,1412,48,308,210,98,29058
1545,4,29,97,3,26,16,10,4843
1614,47,199,744,30,169,78,91,54704
1365,99,277,1213,82,195,92,103,36803
1351,25,123,576,17,106,83,23,14917
1609,29,174,799,10,164,109,55,28676
1372,38,112,509,27,85,39,46,23318
1484,20,178,419,13,165,134,31,46617
1490,20,52,146,19,33,15,18,6759
1498,2,18,31,1,17,13,4,1364
1607,32,188,687,17,171,81,90,22181
1640,101,281,2201,78,203,120,83,66375
1651,89,257,1304,69,188,73,115,76064
1662,1,4,13,1,3,3,0,796
1713,44,151,715,33,118,65,53,22498
1608,32,113,423,23,90,71,19,10625
1523,42,317,875,34,283,252,31,20972
1596,77,495,1851,61,434,342,92,58271
1615,45,274,810,24,250,177,73,61264
1373,4,14,33,3,11,5,6,1224
1493,13,128,334,10,118,109,9,11192
1398,121,512,1807,104,408,293,115,38678
1541,7,85,146,2,83,29,54,6100
1409,58,194,545,45,149,82,67,23770
1507,4,19,39,1,18,14,4,606
1593,73,558,2376,44,514,385,129,70521
1616,39,189,603,17,172,74,98,46530
1639,87,254,1809,75,179,100,79,59806
1660,3,3,42,2,1,0,1,4409
1712,8,39,126,4,35,17,18,3289
1721,24,118,451,18,100,40,60,16251
1537,57,256,1560,39,217,56,161,33991
1406,44,143,448,37,106,52,54,11600
1539,49,187,865,37,150,101,49,16197
1613,34,179,474,21,158,71,87,32672
1649,122,397,1545,106,291,148,143,83252
1530,41,138,737,27,111,68,43,24436
1543,4,16,39,3,13,8,5,1498
1736,28,97,470,22,75,54,21,14735
1488,24,115,383,19,96,62,34,17139
1622,44,100,299,39,61,28,33,9711
1726,42,206,867,28,178,95,83,33002
1612,3,26,42,0,26,9,17,1201
1644,119,533,2975,79,454,272,182,92362
1658,104,410,1398,89,321,158,163,67460
1731,29,160,590,25,135,83,52,20170
1715,37,136,345,28,108,52,56,10919
1647,115,576,2306,93,483,247,236,67619
1711,31,218,815,16,202,121,81,30164
1522,35,130,542,23,107,97,10,10775
1521,32,124,553,15,109,75,34,11008
1605,34,166,560,25,141,104,37,23262
1724,25,58,358,19,39,23,16,10525
1415,3,13,38,3,10,7,3,283
1653,98,352,1177,89,263,108,155,62167
1532,60,168,1378,41,127,102,25,31276
1606,32,142,652,15,127,93,34,25069
1648,102,451,2463,81,370,228,142,72744
1526,36,103,568,32,71,64,7,10777
1595,79,540,1547,58,482,326,156,54937
1404,44,133,341,40,93,60,33,13550
1489,24,36,109,24,12,8,4,3819
1538,45,123,1009,24,99,78,21,20009
1542,4,36,94,1,35,25,10,3519
1502,1,14,14,1,13,13,0,575
1669,1,3,20,0,3,3,0,250
1833,52,212,763,43,169,111,58,20518
1942,33,259,605,27,232,149,83,15463
1995,36,230,595,26,204,179,25,31306
1835,32,75,292,31,44,15,29,4911
1943,26,140,375,21,119,71,48,13921
1982,37,185,477,32,153,119,34,28654
1989,44,304,649,35,269,212,57,26902
2036,52,165,1081,36,129,79,50,32853
2129,33,110,323,31,79,49,30,17340
2180,38,194,843,24,170,62,108,26846
1839,38,161,409,34,127,101,26,9348
1937,39,173,741,33,140,75,65,25152
1986,28,189,460,20,169,145,24,30990
1996,36,202,537,31,171,150,21,25713
2126,32,95,263,32,63,32,31,11606
2147,19,76,313,12,64,46,18,14301
2217,57,360,1405,36,324,187,137,40791
1841,28,204,484,17,187,123,64,9581
1945,41,238,629,35,203,149,54,26200
1983,32,185,509,22,163,146,17,35322
1994,36,159,429,28,131,115,16,23622
2034,56,164,722,48,116,67,49,15904
2127,35,189,557,29,160,126,34,22027
2152,23,104,242,18,86,42,44,10674
2179,45,298,748,39,259,153,106,32114
1840,36,104,384,28,76,24,52,13133
1979,25,93,273,20,73,51,22,11617
2032,52,149,999,42,107,69,38,22276
2176,22,113,357,18,95,52,43,16620
1838,38,108,227,36,72,59,13,8805
1988,33,227,584,28,199,162,37,25170
2037,52,240,996,40,200,158,42,25743
2130,31,97,284,30,67,48,19,11281
1837,29,49,142,27,22,4,18,3501
1938,35,140,495,31,109,86,23,18064
1980,34,185,476,20,165,111,54,26457
1987,35,207,461,29,178,102,76,22568
2149,20,55,170,14,41,24,17,4970
2181,61,286,1019,46,240,100,140,33474
1977,33,185,291,24,161,152,9,17397
2031,67,189,850,59,130,72,58,23903
2123,37,140,376,35,105,64,41,18431
2154,14,48,116,10,38,17,21,2832
1946,28,105,227,26,79,30,49,9050
2035,68,198,1386,58,140,108,32,38839
2124,31,145,490,28,117,83,34,24479
2146,20,50,279,10,40,13,27,8380
2030,47,156,964,33,123,59,64,27348
1993,24,175,353,16,159,121,38,19603
1939,32,115,361,29,86,41,45,13346
2033,32,99,625,25,74,38,36,21847
1842,34,129,483,26,103,59,44,10643
1940,29,154,482,24,130,100,30,13552
1981,41,246,577,30,216,189,27,38277
1990,34,307,490,29,278,254,24,31769
2155,19,103,218,12,91,42,49,19239
2039,49,133,991,34,99,52,47,29732
2122,32,78,288,31,47,25,22,11888
2219,57,314,1008,38,276,174,102,33203
2128,30,156,538,27,129,90,39,24464
2178,43,167,466,35,132,68,64,15817
1978,26,229,406,19,210,200,10,26548
2038,81,218,1346,69,149,75,74,40531
2121,34,97,278,32,65,31,34,12566
2216,64,364,1543,48,316,170,146,56622
1941,34,184,472,30,154,125,29,14839
2148,21,43,388,21,22,19,3,9498
2218,33,188,424,25,163,87,76,12893
1944,32,230,567,28,202,157,45,16941
1836,37,144,528,29,115,61,54,9641
1985,31,214,582,20,194,152,42,51997
1992,40,317,634,33,284,262,22,34823
1834,36,170,411,31,139,44,95,12212
2182,18,85,314,13,72,49,23,9028
2125,23,82,326,22,60,34,26,16591
2153,26,91,294,21,70,45,25,10130
2183,16,103,350,11,92,49,43,13931
1991,33,181,515,28,153,127,26,26904
2151,13,30,109,10,20,7,13,4457
1984,19,120,260,13,107,83,24,16150
2150,21,101,239,18,83,65,18,9468
2177,56,423,1200,41,382,213,169,37835
2301,88,240,1080,75,165,75,90,35874
2325,9,38,219,6,32,30,2,10245
2303,5,7,76,5,2,0,2,2353
2338,9,27,139,6,21,18,3,7002
2370,5,7,40,4,3,3,0,2583
2296,8,13,33,8,5,5,0,489
2345,8,41,81,7,34,26,8,4911
2355,7,13,107,6,7,5,2,10136
2378,8,26,99,6,20,12,8,6459
2394,7,34,73,7,27,10,17,3310
2300,8,9,85,8,1,1,0,2176
2327,7,29,112,5,24,21,3,3199
2336,10,101,181,8,93,85,8,12104
2358,4,8,45,2,6,1,5,4153
2297,5,5,13,5,0,0,0,300
2321,13,92,231,10,82,61,21,7555
2323,12,46,157,9,37,6,31,4227
2341,4,13,32,4,9,6,3,1468
2324,12,27,109,11,16,14,2,2213
2343,9,43,165,8,35,33,2,6824
2360,3,4,33,2,2,0,2,2191
2375,5,10,97,4,6,4,2,4765
2395,3,6,23,3,3,1,2,940
2326,11,87,210,10,77,68,9,6461
2339,7,32,131,4,28,25,3,7618
2322,11,24,157,10,14,12,2,4197
2388,7,23,66,6,17,13,4,5446
2344,4,11,46,2,9,8,1,2176
2357,3,3,62,2,1,1,0,3079
2374,5,8,46,4,4,3,1,1605
2294,7,7,126,7,0,0,0,1529
2318,10,33,130,8,25,16,9,3740
2342,10,132,234,4,128,123,5,8450
2390,1,1,5,1,0,0,0,208
2361,2,8,26,2,6,3,3,4428
2337,3,47,49,2,45,45,0,3786
2291,7,18,83,6,12,7,5,1850
2354,2,10,26,1,9,3,6,5553
2389,3,5,11,2,3,0,3,1412
2371,7,7,22,6,1,0,1,818
2392,4,5,22,4,1,0,1,590
2363,4,7,22,4,3,1,2,1351
2376,6,7,11,5,2,1,1,198
2340,7,95,166,3,92,73,19,13918
2372,7,9,22,7,2,2,0,1324
2373,10,19,63,8,11,6,5,2360
2396,4,10,39,4,6,5,1,885
2302,10,11,54,9,2,0,2,2478
2362,6,9,162,5,4,2,2,16565
2359,3,7,25,3,4,2,2,2612
2391,6,14,74,4,10,5,5,2513
2397,4,12,56,3,9,6,3,1775
2295,6,7,24,6,1,0,1,439
2377,5,9,32,4,5,5,0,2603
2379,7,26,61,6,20,20,0,2429
2284,6,13,51,3,10,9,1,1072
2405,2,4,27,2,2,1,1,1333
2407,1,1,35,1,0,0,0,1281
2319,7,37,141,6,31,27,4,2945
2408,2,3,33,2,1,1,0,3355
2406,2,5,22,1,4,4,0,1951
2320,5,8,110,3,5,1,4,3547
2393,2,3,18,2,1,1,0,791
2435,26,66,243,21,45,30,15,7333
2488,21,158,519,16,142,122,20,33813
2622,24,174,607,15,159,126,33,30626
2432,42,73,200,40,33,28,5,7768
2621,24,116,326,17,99,54,45,30315
2431,27,60,186,26,34,21,13,6746
2539,10,122,302,8,114,112,2,13727
2619,24,176,434,17,159,96,63,21350
2433,29,153,351,25,128,111,17,12757
2618,25,123,598,19,104,60,44,32828
2434,27,61,140,24,37,16,21,5230
2489,19,140,453,12,128,93,35,84705
2436,34,97,402,25,72,59,13,10815
2535,19,149,252,12,137,106,31,16057
2625,28,343,474,17,326,231,95,21110
2623,30,296,855,19,277,193,84,27021
2437,42,202,738,24,178,170,8,15429
2530,21,158,674,13,145,132,13,25136
2537,22,178,519,8,170,143,27,15817
2620,24,60,320,21,39,21,18,19566
2487,25,95,566,16,79,40,39,72662
2627,22,63,341,19,44,32,12,10536
2647,4,6,15,4,2,0,2,1976
2533,13,80,346,6,74,52,22,12505
2534,10,25,169,6,19,13,6,7458
2429,28,35,208,25,10,8,2,7310
2538,24,83,431,10,73,55,18,17003
2624,25,193,496,21,172,45,127,13877
2626,20,96,278,18,78,48,30,8612
2536,20,168,569,11,157,138,19,18622
2532,17,64,570,9,55,44,11,26730
2430,23,37,214,21,16,16,0,4740
2438,31,78,145,27,51,16,35,3256
2456,28,58,442,24,34,26,8,14742
2591,16,94,413,11,83,74,9,8984
2452,26,119,295,23,96,85,11,6656
2531,16,179,410,6,173,151,22,19552
2558,6,13,185,5,8,7,1,9330
2596,17,57,228,15,42,21,21,3563
2455,21,40,216,20,20,16,4,10595
2587,16,118,253,12,106,93,13,6559
2461,22,68,219,21,47,41,6,4798
2552,6,14,305,5,9,6,3,22921
2594,26,217,504,16,201,139,62,11317
2593,10,25,110,8,17,15,2,2933
2551,5,28,81,3,25,25,0,3615
2553,1,1,11,0,1,1,0,742
2460,26,91,247,23,68,58,10,7312
2559,4,20,23,3,17,6,11,1539
2556,4,7,49,4,3,2,1,2888
2549,2,2,51,1,1,1,0,2291
2592,19,50,223,14,36,31,5,3801
2454,18,221,645,10,211,177,34,27670
2588,16,47,286,10,37,24,13,7885
2457,18,52,125,17,35,34,1,4679
2590,21,79,229,17,62,53,9,3285
2458,17,40,219,15,25,19,6,11142
2595,19,98,333,6,92,81,11,6895
2459,23,71,261,18,53,41,12,15572
2550,7,32,212,3,29,15,14,8423
2548,12,61,284,0,61,35,26,6229
2462,5,6,38,5,1,1,0,545
2589,19,44,228,14,30,21,9,4763
2555,1,2,34,1,1,0,1,1326
2557,1,2,5,1,1,0,1,118
2667,16,117,284,13,104,97,7,4821
2756,2,4,10,2,2,1,1,482
2759,8,50,67,6,44,25,19,2821
2805,11,37,136,10,27,24,3,2398
2827,45,122,455,41,81,50,31,17242
2845,83,448,1279,74,374,272,102,32685
2670,13,56,83,13,43,25,18,2777
2666,11,17,55,11,6,6,0,1883
2684,12,87,181,10,77,68,9,5746
2671,71,88,340,68,20,5,15,5872
1749,11,91,180,8,83,56,27,6543
2760,12,142,321,10,132,127,5,29793
2797,5,20,236,5,15,15,0,4211
2821,3,47,120,2,45,28,17,4105
2847,86,188,667,80,108,62,46,12722
196,10,65,175,6,59,6,53,4543
2874,22,161,432,14,147,121,26,20492
2672,93,215,692,85,130,51,79,17681
2668,10,24,83,7,17,12,5,1144
2762,9,58,136,6,52,41,11,7135
2669,8,9,66,7,2,1,1,1645
2822,4,6,18,4,2,2,0,477
2850,31,120,496,26,94,73,21,12331
2870,1,101,62,1,100,100,0,1263
2683,18,175,303,16,159,102,57,6417
2764,6,52,216,2,50,48,2,11871
2673,98,177,650,91,86,33,53,11947
2736,7,43,56,6,37,33,4,1839
2754,7,9,39,7,2,2,0,3132
2793,15,25,253,13,12,9,3,2757
2848,10,41,238,10,31,28,3,6646
2763,4,21,49,2,19,14,5,5766
2798,15,88,270,10,78,72,6,7586
2792,8,37,92,7,30,25,5,1563
2844,38,120,525,36,84,65,19,12050
2766,11,80,197,8,72,53,19,20192
2876,11,50,253,2,48,10,38,10659
2664,10,21,60,9,12,6,6,755
2761,9,48,136,6,42,21,21,9826
2846,63,188,624,58,130,91,39,12686
2873,11,70,389,6,64,21,43,13189
2665,9,59,137,6,53,38,15,3078
2794,14,59,354,7,52,48,4,7556
2818,5,78,132,3,75,53,22,3710
2852,36,124,387,29,95,72,23,11151
2796,4,17,22,4,13,10,3,135
2820,9,86,216,6,80,16,64,9489
2853,29,68,510,26,42,29,13,11017
2791,9,31,128,9,22,22,0,3183
2824,4,19,51,3,16,2,14,1349
2804,23,93,410,19,74,67,7,7991
2823,7,14,104,6,8,3,5,3351
2825,1,2,1,1,1,0,1,1
2826,38,163,456,32,131,103,28,11969
2795,9,22,124,7,15,14,1,2446
2851,39,114,700,32,82,65,17,15839
2765,3,32,33,3,29,28,1,788
2819,9,61,163,8,53,5,48,5206
2768,7,205,193,2,203,197,6,16199
2872,12,31,310,7,24,15,9,9965
2767,5,42,155,3,39,24,15,10399
2849,35,79,423,35,44,32,12,6399
2836,1,23,18,0,23,0,23,209
2882,8,59,159,5,54,44,10,6742
2924,45,154,426,36,118,71,47,7544
2928,43,232,355,36,196,108,88,9866
2973,60,507,1073,47,460,414,46,21939
3041,72,222,922,61,161,125,36,20910
3057,19,51,255,16,35,26,9,10872
3090,15,51,344,8,43,34,9,10467
2970,43,160,722,33,127,94,33,14070
3055,17,78,256,15,63,47,16,9988
3096,16,58,336,9,49,49,0,14590
3181,21,84,310,18,66,52,14,17553
3212,9,42,270,2,40,25,15,14746
2968,111,320,1372,88,232,81,151,45160
3034,24,181,524,19,162,37,125,12918
3056,4,6,63,3,3,2,1,1969
3138,22,162,490,18,144,126,18,15267
3182,12,34,290,2,32,21,11,15368
3210,16,55,244,7,48,16,32,12616
3135,17,51,207,13,38,13,25,6962
3178,13,35,188,9,26,10,16,6477
2949,11,26,88,8,18,18,0,2177
2951,11,39,108,10,29,11,18,2242
2967,47,292,877,34,258,154,104,21007
3054,18,35,151,15,20,8,12,9708
3093,14,59,412,8,51,14,37,10985
2975,31,207,364,24,183,110,73,10524
3036,57,140,443,53,87,49,38,7273
3087,21,166,540,7,159,80,79,20779
2969,20,351,533,10,341,264,77,15149
3038,62,226,1076,48,178,108,70,19900
3053,17,40,183,14,26,6,20,6273
3141,46,200,730,36,164,121,43,23875
3179,27,70,520,13,57,26,31,14950
3214,7,37,208,6,31,20,11,19954
2950,3,17,19,3,14,12,2,838
3215,7,23,109,4,19,14,5,5470
3124,37,192,487,27,165,68,97,11609
3176,34,76,459,27,49,32,17,23756
3213,10,55,351,3,52,28,24,18447
2918,31,254,585,19,235,138,97,15665
2966,33,236,463,26,210,116,94,13073
3059,13,114,317,9,105,80,25,6251
3088,11,70,244,4,66,63,3,12144
3139,24,87,559,17,70,43,27,11611
3208,10,51,393,6,45,31,14,13932
2974,26,174,374,19,155,73,82,8553
3037,69,133,453,65,68,33,35,9133
3209,6,48,308,2,46,36,10,10995
3207,23,64,314,19,45,18,27,10541
3033,62,180,746,56,124,91,33,14290
3058,18,42,237,17,25,19,6,10782
2935,25,148,305,20,128,95,33,7215
2972,39,148,405,35,113,77,36,9395
3095,18,211,345,11,200,139,61,14991
3134,24,117,370,17,100,52,48,9814
3031,72,175,657,68,107,77,30,10652
3123,18,70,387,12,58,16,42,9591
3089,24,116,734,19,97,81,16,24606
3217,14,92,215,7,85,60,25,11846
3091,14,53,362,3,50,27,23,15781
3039,33,215,765,21,194,136,58,24553
3140,14,124,310,7,117,39,78,7060
3177,24,111,319,21,90,58,32,13746
2971,23,168,316,19,149,115,34,7476
3035,35,125,737,30,95,55,40,30023
3136,36,182,326,29,153,39,114,7821
3032,52,175,615,49,126,77,49,12788
2920,35,320,768,24,296,152,144,20959
2934,15,115,202,11,104,54,50,4786
3052,11,183,200,8,175,26,149,4646
3137,32,131,554,21,110,64,46,16642
2932,23,83,268,20,63,47,16,5371
2930,31,119,447,25,94,48,46,7332
3051,23,96,289,18,78,47,31,10948
2927,41,251,484,32,219,116,103,11394
2937,17,82,231,13,69,24,45,5800
2931,22,99,295,22,77,24,53,4636
2936,19,90,332,13,77,9,68,6459
3229,41,66,87,41,25,5,20,2209
2925,24,126,400,15,111,49,62,5086
3183,24,84,704,15,69,42,27,11877
2921,36,264,526,24,240,143,97,14146
3185,9,13,91,9,4,2,2,1802
2933,15,39,136,15,24,6,18,4236
3211,8,20,102,4,16,10,6,3969
2929,15,54,183,12,42,7,35,3766
3180,40,100,468,33,67,29,38,11561
3216,7,14,154,3,11,6,5,7072
2919,31,76,151,25,51,35,16,4012
3092,12,85,363,3,82,47,35,16262
3097,15,88,336,9,79,66,13,13788
2922,21,90,433,15,75,24,51,7178
2923,15,61,140,13,48,16,32,3275
2926,23,141,305,14,127,103,24,6647
3184,18,72,443,7,65,46,19,11410
2945,11,359,160,6,353,99,254,3594
3068,19,167,544,10,157,120,37,21354
2938,26,106,225,22,84,24,60,6051
3065,16,93,902,10,83,64,19,14152
2942,9,23,171,6,17,12,5,5329
3063,31,122,751,21,101,74,27,35268
2944,16,90,289,12,78,20,58,7030
3067,17,46,380,8,38,24,14,13855
2946,18,73,368,12,61,42,19,8931
3069,23,190,626,13,177,126,51,21102
2939,8,41,168,7,34,15,19,3781
3062,20,216,338,14,202,178,24,14053
3060,17,105,453,9,96,71,25,17407
3066,13,372,432,6,366,181,185,11759
2941,10,77,169,6,71,56,15,2997
3064,15,152,436,7,145,123,22,25459
2943,9,58,153,5,53,3,50,3845
2940,11,138,111,10,128,50,78,2083
3061,13,74,242,8,66,31,35,10259
2947,6,46,176,3,43,20,23,6338
2543,2,8,149,0,8,7,1,3621
3219,3,8,57,0,8,7,1,2691
2996,5,71,196,1,70,64,6,3993
3309,67,363,1665,58,305,132,173,36012
3368,34,96,514,32,64,26,38,11564
3371,41,120,618,36,84,46,38,11437
3385,34,99,523,30,69,38,31,11477
3384,31,114,550,28,86,63,23,9465
3370,24,83,404,21,62,34,28,5721
3387,30,85,546,28,57,43,14,10647
3388,30,103,517,29,74,53,21,13116
3383,38,188,453,33,155,82,73,6723
3369,28,88,335,28,60,36,24,5789
3386,22,214,377,20,194,142,52,10953
3589,90,287,853,78,209,110,99,29407
3680,46,121,769,43,78,42,36,13445
3672,35,101,348,32,69,34,35,7191
3592,33,135,462,27,108,73,35,19948
3677,44,119,574,42,77,45,32,12923
3583,32,90,443,23,67,21,46,13735
3590,86,196,890,81,115,60,55,33069
3682,43,126,743,39,87,50,37,14315
3582,35,97,399,29,68,49,19,11759
3593,77,225,945,70,155,72,83,34654
3673,37,153,863,30,123,40,83,15853
2884,8,54,194,6,48,30,18,6597
3586,83,241,828,75,166,85,81,26567
3591,72,147,528,67,80,32,48,17516
3678,47,109,887,43,66,42,24,15453
3584,32,102,416,25,77,39,38,13758
3588,82,286,813,74,212,124,88,26109
3681,39,87,751,37,50,15,35,17828
2883,1,16,12,0,16,15,1,1120
3679,51,120,769,45,75,44,31,17020
3534,4,6,33,4,2,2,0,158
3581,23,109,448,19,90,77,13,9473
1015,13,49,23,12,37,25,12,1415
2049,15,72,28,11,61,24,37,1137
2894,13,47,16,13,34,12,22,2679
2895,11,35,22,8,27,14,13,981
1014,14,37,25,12,25,15,10,567
1016,4,25,8,3,22,2,20,868
1017,3,6,3,2,4,2,2,745
3769,13,49,19,13,36,28,8,1373
3770,13,18,3,13,5,1,4,97
4236,12,21,17,10,11,5,6,462
825,11,34,16,10,24,3,21,817
1801,2,20,1,0,20,5,15,426
2886,3,66,120,0,66,39,27,4136
3774,6,20,8,4,16,15,1,83
1804,1,2,0,0,2,0,2,71
2426,1,1,1,1,0,0,0,0
1446,2,5,3,1,4,2,2,58
1800,1,1,1,1,0,0,0,0
1803,1,1,1,0,1,0,1,0
3587,80,169,843,76,93,57,36,23929
3536,12,66,223,7,59,47,12,2956
3585,3,12,61,1,11,8,3,2685
2885,10,58,229,8,50,33,17,6692
1103,1,11,43,1,10,10,0,603
1386,1,7,26,1,6,6,0,515
1855,1,7,69,1,6,5,1,1244
2043,1,1,3,1,0,0,0,0
2442,1,4,18,1,3,3,0,374
2703,1,1,2,1,0,0,0,0
3334,1,8,56,1,7,7,0,4647
3335,1,1,5,1,0,0,0,0
652,1,1,11,0,1,1,0,145
3535,6,12,116,4,8,6,2,1294
5162,32,127,511,31,96,29,67,12397
5169,94,371,1348,81,290,181,109,20850
5192,18,36,101,18,18,9,9,3211
5240,24,63,305,22,41,13,28,6962
5245,50,310,1081,44,266,207,59,82188
5289,21,101,430,16,85,73,12,13391
5294,4,13,105,4,9,8,1,1456
5383,26,74,540,25,49,29,20,27330
5164,86,291,858,81,210,116,94,16455
5197,37,147,281,37,110,94,16,6281
5252,10,73,160,10,63,52,11,4595
3526,25,74,295,22,52,37,15,7822
5290,29,86,541,28,58,48,10,14472
5374,23,52,412,20,32,19,13,13513
5168,106,413,1294,97,316,252,64,24021
5235,29,210,593,27,183,167,16,14668
5244,15,78,257,13,65,62,3,8209
5283,28,108,689,26,82,75,7,18918
5295,2,4,30,2,2,2,0,192
5297,1,3,24,1,2,2,0,184
5369,23,59,154,23,36,22,14,5716
5385,22,88,222,21,67,39,28,7851
5167,88,179,779,83,96,61,35,17078
5249,29,135,616,18,117,64,53,78549
5255,31,69,375,27,42,30,12,21275
5370,21,158,533,16,142,92,50,15311
5389,23,81,399,21,60,27,33,21071
5171,105,392,1192,97,295,238,57,21167
5194,27,229,369,25,204,124,80,11120
5231,21,80,379,18,62,56,6,6512
5254,42,112,610,37,75,56,19,28393
3524,21,89,721,16,73,60,13,13026
5293,21,56,273,19,37,27,10,9017
5371,10,48,137,10,38,9,29,3923
5387,16,37,195,14,23,15,8,12584
5163,86,214,908,81,133,87,46,20508
5188,73,244,547,70,174,132,42,13739
5237,31,161,366,25,136,108,28,13948
5251,45,403,1650,30,373,306,67,177172
5256,20,61,128,18,43,39,4,2479
5367,17,44,138,15,29,12,17,4925
5384,21,74,326,20,54,29,25,14785
1225,19,96,241,17,79,38,41,8244
3580,16,48,250,15,33,19,14,9325
3527,14,89,322,14,75,60,15,4836
5269,20,103,522,13,90,69,21,15907
5390,20,93,407,18,75,39,36,21298
5172,75,287,844,68,219,179,40,13777
5193,30,104,445,25,79,47,32,15108
5241,27,61,354,24,37,34,3,4311
5246,38,265,841,30,235,166,69,54501
5253,10,10,29,10,0,0,0,574
5292,17,77,554,15,62,49,13,15439
5166,98,230,1015,88,142,98,44,20815
5195,15,38,220,11,27,23,4,6374
5234,21,113,409,20,93,79,14,7974
5250,15,149,307,12,137,118,19,22811
5258,13,38,235,11,27,22,5,11162
5296,2,6,51,2,4,3,1,539
3525,15,33,272,10,23,19,4,5063
5248,12,114,244,9,105,84,21,17114
5239,25,110,291,25,85,55,30,8214
5287,16,38,294,16,22,19,3,8184
5388,21,94,350,17,77,47,30,19115
5191,9,20,75,9,11,11,0,1653
5259,31,111,453,30,81,73,8,13516
5286,16,82,470,13,69,56,13,14494
5236,23,85,453,21,64,56,8,7280
5233,23,116,473,19,97,70,27,9458
5189,13,81,221,12,69,59,10,5971
5386,33,93,435,29,64,34,30,21735
5291,20,47,550,19,28,21,7,21845
5165,79,279,780,74,205,163,42,14059
5190,23,79,240,21,58,52,6,8605
5196,27,151,459,24,127,101,26,13481
5170,80,226,910,72,154,111,43,17484
5238,23,124,324,23,101,90,11,9077
5382,18,50,280,15,35,19,16,12584
5257,30,55,286,27,28,19,9,9051
5247,30,268,672,27,241,112,129,43507
5288,23,86,474,19,67,48,19,15118
5301,16,26,161,14,12,11,1,2295
5187,6,11,26,6,5,3,2,1065
5299,12,29,217,9,20,19,1,6415
5311,23,63,333,20,43,31,12,7254
5300,28,86,510,24,62,37,25,11975
5306,13,64,216,12,52,25,27,3517
5308,16,56,203,15,41,29,12,3811
5302,14,33,203,13,20,19,1,3415
5310,16,41,250,13,28,20,8,5061
5307,15,56,314,11,45,38,7,4168
5312,19,32,305,17,15,12,3,6781
5303,20,27,158,20,7,4,3,3111
5309,16,83,392,13,70,57,13,5568
5260,11,39,149,9,30,25,5,7471
5305,10,45,278,9,36,32,4,5626
5304,18,52,451,14,38,32,6,12439
5313,10,19,109,8,11,11,0,1355
5019,21,107,256,18,89,74,15,5595
5624,21,59,252,19,40,27,13,6273
5625,71,184,869,67,117,56,61,29669
5627,17,37,140,16,21,17,4,3958
5626,69,133,506,67,66,62,4,12627
5622,10,16,86,10,6,5,1,1231
5623,76,151,515,72,79,37,42,19058
5921,12,16,88,11,5,1,4,3334
5932,62,111,870,55,56,27,29,16949
5946,57,171,597,55,116,68,48,17622
5998,47,137,382,44,93,66,27,9805
6014,58,148,339,58,90,69,21,6547
6075,13,17,89,12,5,3,2,1397
6124,31,142,402,31,111,100,11,10478
6150,8,19,43,8,11,8,3,748
6175,32,67,485,31,36,29,7,11685
5924,6,10,34,6,4,2,2,538
5930,54,138,312,53,85,59,26,5654
5951,52,171,555,50,121,66,55,17874
6000,53,92,366,50,42,19,23,6299
6011,42,116,245,38,78,64,14,5373
6071,11,17,68,11,6,5,1,538
6111,21,58,67,20,38,7,31,2986
5918,16,23,70,15,8,3,5,484
5935,71,185,1131,66,119,84,35,30016
6070,4,18,34,4,14,5,9,392
6197,39,111,577,35,76,68,8,14514
6212,58,152,469,56,96,66,30,9287
6222,29,99,591,23,76,57,19,8663
6246,42,55,346,40,15,4,11,9045
6359,46,163,849,46,117,95,22,12757
6381,32,109,421,32,77,29,48,18359
6394,45,282,667,43,239,155,84,13616
5929,75,160,731,71,89,49,40,15789
5950,56,128,458,52,76,46,30,13868
5999,47,127,355,45,82,52,30,5768
6008,46,134,312,43,91,55,36,5947
6198,65,320,582,59,261,183,78,16641
6213,57,182,512,55,127,108,19,10691
6221,31,112,484,25,87,62,25,7457
6312,24,46,225,22,24,7,17,12194
6329,12,41,219,11,30,22,8,6644
6339,12,35,188,11,24,17,7,8163
6342,46,184,522,43,141,115,26,8710
6363,59,162,689,56,106,75,31,8764
6380,39,109,378,37,72,39,33,12152
6382,56,183,790,51,132,91,41,17118
6368,6,11,87,6,5,3,2,1322
6109,26,31,168,25,6,5,1,3937
6152,12,19,77,11,8,5,3,933
5917,7,7,10,7,0,0,0,19
5931,62,160,683,53,107,62,45,16619
5949,60,117,409,56,61,32,29,8558
6006,36,109,202,32,77,23,54,4949
6009,39,94,255,38,56,48,8,4893
6073,14,32,151,13,19,16,3,2010
6122,41,72,248,40,32,22,10,4802
6149,11,28,37,11,17,10,7,508
6192,36,118,426,32,86,52,34,6469
6199,65,238,766,58,180,126,54,17283
6209,68,177,564,64,113,87,26,9598
6367,56,168,783,55,113,98,15,12258
5922,13,33,40,13,20,1,19,742
5947,66,170,513,64,106,40,66,18010
6002,48,91,397,48,43,29,14,8840
6041,17,26,84,16,10,2,8,639
6110,24,44,128,23,21,12,9,4091
6147,9,18,56,9,9,6,3,1169
6216,24,91,453,19,72,47,25,8971
5915,14,19,120,13,6,2,4,7769
6005,37,109,314,36,73,48,25,5706
6010,44,170,334,41,129,101,28,8316
6013,57,97,236,55,42,39,3,3874
6072,11,22,86,11,11,7,4,1878
6123,34,62,246,34,28,19,9,5183
6173,48,121,564,47,74,22,52,10872
6219,20,90,489,18,72,65,7,7288
6316,26,65,238,24,41,21,20,9157
6321,12,63,165,7,56,41,15,4863
6335,16,57,326,12,45,23,22,8738
6352,35,142,386,31,111,68,43,8494
6372,30,63,283,30,33,16,17,11146
5937,48,228,603,42,186,136,50,14094
6004,46,121,335,44,77,29,48,7017
6202,62,286,897,56,230,166,64,16438
6206,59,247,704,47,200,129,71,10600
6330,7,45,167,4,41,13,28,5289
6350,49,142,561,46,96,57,39,12123
6377,35,89,269,34,55,19,36,11838
6396,49,156,590,45,111,66,45,13564
5925,13,18,37,13,5,0,5,373
6077,11,16,53,11,5,4,1,308
6153,19,85,148,18,67,45,22,2727
6204,60,137,563,58,79,64,15,12533
6220,26,117,321,20,97,60,37,4834
6379,31,160,391,31,129,45,84,11143
5936,63,143,850,58,85,42,43,20937
6196,53,272,551,52,220,175,45,13554
6217,26,102,283,22,80,43,37,3574
6245,35,59,314,32,27,15,12,10048
6306,22,49,211,22,27,13,14,7893
6328,8,16,49,7,9,4,5,1146
6341,7,28,129,6,22,11,11,2298
6351,38,163,580,36,127,76,51,12236
6360,61,247,1083,59,188,145,43,20042
6378,35,89,511,32,57,37,20,14604
6391,53,243,763,45,198,127,71,14926
6074,9,9,36,9,0,0,0,394
6144,10,21,89,10,11,5,6,1301
6191,39,157,641,36,121,69,52,17272
6200,49,320,589,46,274,219,55,13402
6315,21,62,269,20,42,19,23,11534
6325,10,24,197,10,14,14,0,3504
6337,16,52,306,12,40,30,10,8524
6345,35,113,390,34,79,45,34,10143
6393,43,148,639,37,111,84,27,15171
6001,18,67,140,15,52,27,25,2893
6145,5,15,52,5,10,8,2,662
6313,13,25,102,12,13,11,2,4370
6336,8,27,62,7,20,10,10,1551
6362,53,194,695,51,143,105,38,11556
6371,63,337,989,58,279,182,97,25133
5916,16,53,260,15,38,20,18,3965
6112,37,86,258,37,49,35,14,5646
6203,48,140,477,39,101,64,37,11939
6247,33,80,320,33,47,34,13,6572
6305,20,42,246,19,23,10,13,12180
6324,9,36,119,4,32,15,17,2665
6346,41,128,526,39,89,71,18,9506
6374,43,131,656,40,91,41,50,20126
5919,8,14,57,8,6,2,4,1330
6148,8,15,22,8,7,3,4,251
6311,22,87,295,19,68,28,40,12764
6347,44,171,615,39,132,88,44,12573
6366,51,389,995,47,342,196,146,15953
5909,7,15,34,6,9,5,4,535
6344,56,202,1089,51,151,96,55,17812
6361,42,169,837,41,128,96,32,10999
6373,36,96,480,33,63,24,39,12688
6012,43,124,276,41,83,63,20,7285
6214,61,215,516,60,155,107,48,11535
6218,26,78,482,23,55,45,10,8789
6338,16,28,209,15,13,8,5,6504
5920,13,20,49,12,8,3,5,643
6108,27,96,226,26,70,55,15,6280
6223,21,63,302,18,45,24,21,3755
6375,33,64,262,31,33,17,16,6718
6003,48,98,404,48,50,32,18,9276
6146,15,64,207,15,49,40,9,3674
6211,44,293,422,39,254,176,78,10823
6365,52,132,680,51,81,54,27,10660
5952,42,83,458,40,43,24,19,14434
6107,30,75,218,29,46,41,5,4051
6308,23,127,300,21,106,45,61,13018
6358,39,205,497,39,166,123,43,10474
6248,29,89,368,27,62,42,20,8106
6376,35,102,456,35,67,23,44,13078
6007,49,71,181,46,25,9,16,3213
6076,8,16,48,8,8,8,0,789
6207,64,237,780,60,177,116,61,12266
6040,15,27,62,13,14,4,10,1333
6364,51,189,632,51,138,108,30,7950
6201,49,175,572,45,130,109,21,12357
6310,22,70,272,16,54,18,36,11583
5923,12,18,57,12,6,5,1,281
6340,11,27,309,10,17,14,3,5230
6309,19,38,212,17,21,14,7,10006
6208,55,233,456,55,178,129,49,8414
6299,13,41,201,11,30,17,13,5748
6151,9,14,63,8,6,5,1,725
6349,5,18,149,4,14,13,1,2967
5953,54,119,437,49,70,29,41,14891
6210,42,118,416,39,79,65,14,6183
6294,5,45,61,4,41,31,10,2550
6343,36,97,373,35,62,43,19,6493
6468,33,43,415,31,12,9,3,8601
6478,50,114,486,48,66,25,41,11737
6472,56,81,442,53,28,24,4,11687
6481,50,148,430,46,102,22,80,9329
6512,20,61,374,20,41,39,2,3896
6514,24,208,573,19,189,166,23,12179
6555,12,14,40,12,2,1,1,268
6565,25,122,267,24,98,80,18,7248
6598,18,70,377,9,61,21,40,21116
6607,10,43,150,10,33,30,3,2413
6626,28,48,301,28,20,14,6,6020
6651,32,98,270,31,67,26,41,9435
6670,21,115,462,19,96,52,44,13342
6674,7,39,71,2,37,14,23,3137
6473,60,111,641,57,54,35,19,16445
6479,53,210,892,44,166,103,63,20886
6558,20,28,96,20,8,3,5,630
6571,18,40,140,18,22,16,6,3286
6588,10,49,230,10,39,18,21,11807
6612,14,99,248,8,91,47,44,4511
6629,20,85,365,18,67,32,35,8633
6652,37,91,261,34,57,6,51,8807
6663,16,55,407,15,40,29,11,9271
6681,8,48,191,2,46,31,15,14158
6511,19,147,306,17,130,99,31,15120
6534,22,143,404,22,121,94,27,8966
6510,14,157,355,12,145,126,19,9051
6535,25,188,593,20,168,133,35,18809
6628,20,32,187,19,13,4,9,3514
6668,18,122,375,15,107,48,59,10624
6469,57,149,676,54,95,34,61,16325
6484,43,82,232,41,41,16,25,6129
6603,9,31,155,9,22,5,17,10007
6610,15,60,381,11,49,33,16,4970
6548,23,31,104,23,8,4,4,1116
6482,45,118,398,45,73,19,54,9774
6513,17,76,484,13,63,58,5,10521
6529,19,186,445,18,168,139,29,8123
6567,18,56,167,17,39,34,5,4173
6601,10,27,269,7,20,8,12,15542
6604,9,27,156,7,20,16,4,2449
6656,16,45,202,15,30,13,17,6909
6662,11,113,186,8,105,92,13,6442
6467,16,62,159,14,48,35,13,3707
6480,44,101,618,43,58,5,53,10002
6505,19,110,440,16,94,77,17,12699
6549,22,46,137,22,24,7,17,1694
6587,13,36,192,10,26,11,15,7823
6613,20,42,378,15,27,25,2,4921
6678,4,19,91,3,16,6,10,5492
6471,48,91,485,48,43,20,23,11276
6477,56,99,451,54,45,29,16,9883
6515,16,149,525,15,134,126,8,8850
6569,15,42,217,15,27,23,4,7176
6605,9,27,187,8,19,16,3,4923
6649,47,125,309,46,79,33,46,11581
6669,11,62,294,9,53,33,20,7004
6507,14,60,378,12,48,46,2,6692
6531,16,103,305,14,89,73,16,5943
6563,17,46,132,17,29,25,4,2883
6602,19,58,421,15,43,20,23,17829
6608,14,39,328,10,29,25,4,6331
6627,24,88,276,23,65,32,33,5823
6647,47,136,310,47,89,46,43,9566
6667,8,27,134,3,24,8,16,8366
6560,12,22,60,12,10,5,5,1698
6572,22,150,384,22,128,108,20,8215
6640,13,47,199,10,37,26,11,4853
6664,8,55,169,6,49,15,34,5984
6680,6,28,161,2,26,4,22,5218
6466,19,56,204,16,40,29,11,4222
6476,42,82,381,39,43,14,29,12028
6530,12,87,274,11,76,58,18,6715
6562,16,23,79,16,7,7,0,520
6564,12,26,119,12,14,14,0,3050
6609,18,85,312,16,69,33,36,7918
6661,13,76,396,10,66,53,13,15114
6475,62,134,649,59,75,21,54,15586
6528,14,100,282,12,88,70,18,6478
6509,18,34,265,17,17,14,3,7556
6597,15,63,344,13,50,14,36,15015
6630,16,76,348,12,64,47,17,10293
6665,6,25,111,4,21,11,10,3867
6533,16,93,341,15,78,68,10,5888
6596,10,22,73,8,14,3,11,4911
6568,15,77,195,14,63,47,16,6521
6559,14,20,49,14,6,4,2,644
6566,20,78,197,20,58,51,7,4553
6599,6,10,138,5,5,4,1,3765
6655,38,134,429,36,98,23,75,16565
6485,50,139,349,47,92,12,80,7012
6504,15,118,352,12,106,90,16,7377
6654,37,110,378,34,76,14,62,11342
6506,19,36,194,17,19,14,5,3993
6606,11,152,395,10,142,104,38,6898
6672,12,65,235,11,54,41,13,7980
6611,12,56,317,10,46,36,10,4614
6557,15,33,93,15,18,6,12,1560
6600,11,30,123,9,21,7,14,7679
6641,8,30,154,7,23,16,7,7140
6653,41,108,379,40,68,16,52,9455
6677,9,27,225,3,24,7,17,10806
6470,42,133,347,41,92,78,14,7197
6508,13,36,204,11,25,23,2,3242
6624,16,31,165,15,16,4,12,2284
6682,8,25,134,6,19,9,10,9448
6532,14,86,203,12,74,61,13,4952
6483,49,75,239,48,27,6,21,4994
6554,17,21,54,17,4,3,1,295
6650,43,78,342,42,36,5,31,8677
6646,41,122,336,40,82,32,50,8129
6474,44,264,602,41,223,112,111,12872
6561,23,27,90,23,4,1,3,1280
6570,13,52,190,12,40,27,13,8077
6639,16,70,360,11,59,26,33,5234
6676,5,9,25,1,8,1,7,985
6625,11,22,147,10,12,6,6,2440
6679,10,66,107,2,64,14,50,6050
6671,15,68,181,14,54,31,23,7606
6675,1,2,41,1,1,1,0,2399
6205,1,1,13,0,1,0,1,172
6673,5,13,102,1,12,7,5,3930
6683,3,11,14,3,8,2,6,625
6721,31,145,581,28,117,90,27,7211
6733,12,74,187,11,63,48,15,5054
6751,37,49,299,36,13,5,8,1910
6758,39,98,318,38,60,46,14,7701
6765,34,153,807,27,126,90,36,26051
6772,21,259,420,19,240,113,127,13377
6817,15,53,177,12,41,28,13,1776
6762,44,123,223,43,80,38,42,8306
6726,29,89,303,27,62,53,9,5431
6734,15,45,196,12,33,10,23,5461
6753,52,77,189,51,26,10,16,1905
6761,34,88,218,32,56,18,38,8052
6836,17,79,161,15,64,22,42,8152
6700,33,52,336,31,21,16,5,6265
6735,8,50,82,7,43,10,33,2887
6746,27,37,77,26,11,2,9,399
6759,41,128,293,40,88,53,35,6366
6770,13,29,116,12,17,12,5,3353
6814,15,76,207,11,65,31,34,2927
6829,27,49,125,25,24,14,10,4079
6754,41,68,166,41,27,14,13,2843
6768,9,33,143,9,24,11,13,2704
6781,37,219,808,30,189,140,49,29169
6815,15,34,225,14,20,14,6,5394
6835,29,45,218,27,18,7,11,5640
6725,32,128,393,29,99,62,37,6294
6732,12,45,117,10,35,21,14,3387
6747,29,76,206,26,50,9,41,3766
6756,60,142,363,59,83,37,46,10317
6774,14,43,101,13,30,13,17,3319
6780,29,182,576,26,156,114,42,28511
6818,21,44,330,20,24,15,9,5191
6760,43,123,224,42,81,42,39,4767
6767,16,81,202,14,67,46,21,5726
6782,18,104,344,12,92,63,29,16382
6816,17,19,70,17,2,1,1,1320
6722,28,150,435,25,125,87,38,7368
6749,31,46,174,31,15,9,6,952
6763,38,75,301,37,38,30,8,6353
6776,27,926,656,22,904,730,174,29698
6833,34,131,314,34,97,33,64,11910
6757,40,86,396,36,50,41,9,8605
6847,7,14,79,6,8,2,6,2717
6737,14,39,159,13,26,19,7,5853
6779,28,115,445,24,91,83,8,15880
6834,19,48,135,17,31,3,28,6116
6741,11,60,153,11,49,29,20,3872
6778,21,71,411,19,52,44,8,15583
6813,12,28,356,12,16,14,2,5219
6837,21,110,166,19,91,19,72,7637
6699,26,46,257,26,20,8,12,7183
6748,30,38,96,30,8,5,3,354
6771,12,70,171,11,59,52,7,7677
6811,15,60,375,12,48,35,13,5558
6728,41,138,557,41,97,83,14,7240
6729,35,175,708,31,144,94,50,10699
6738,13,77,147,13,64,60,4,4029
6784,32,182,937,28,154,109,45,37087
6740,14,28,67,14,14,14,0,2667
6846,7,19,90,7,12,12,0,2788
6698,32,67,464,28,39,15,24,13297
6723,26,125,387,25,100,61,39,5977
6755,18,24,99,18,6,2,4,1277
6783,22,132,349,16,116,79,37,19474
6832,36,75,385,35,40,29,11,12259
6845,8,22,57,5,17,7,10,2746
6727,34,119,510,33,86,63,23,9059
6775,12,32,162,12,20,14,6,2415
6731,31,113,321,28,85,49,36,6840
6764,38,73,263,37,36,24,12,7976
6830,27,100,257,24,76,22,54,10309
6724,15,53,154,14,39,24,15,4115
6736,11,31,116,11,20,17,3,2428
6766,17,41,125,17,24,14,10,3275
6838,26,55,204,24,31,16,15,8509
6777,35,153,607,34,119,101,18,22926
6730,36,172,509,34,138,59,79,8154
6750,27,32,76,27,5,3,2,609
6051,6,10,32,5,5,5,0,776
6848,5,12,50,5,7,5,2,2085
6812,10,24,195,8,16,15,1,3500
6195,21,41,282,19,22,14,8,6640
6831,21,53,151,20,33,6,27,3711
6773,12,24,154,10,14,6,8,4589
6844,7,22,86,7,15,15,0,2260
6701,29,62,285,26,36,25,11,5504
6769,8,17,61,8,9,6,3,670
6752,28,60,72,28,32,12,20,2184
6849,3,5,82,2,3,0,3,3632
6933,13,71,256,12,59,39,20,7135
7009,15,45,318,14,31,29,2,3679
6938,18,84,346,14,70,29,41,9909
7010,17,97,354,17,80,58,22,4241
6930,9,36,89,9,27,10,17,2617
6935,13,40,153,12,28,13,15,3890
7011,31,106,494,28,78,59,19,6091
6937,18,51,357,16,35,20,15,14454
6939,18,37,200,17,20,13,7,4932
6960,19,59,307,17,42,39,3,4917
7014,19,91,422,17,74,62,12,6490
6936,25,74,362,23,51,20,31,8232
6961,23,67,383,21,46,31,15,2954
6931,18,62,216,15,47,29,18,4828
6934,13,43,210,10,33,13,20,5376
6932,12,61,239,11,50,20,30,3667
7049,17,42,115,17,25,18,7,8369
7050,17,73,229,17,56,36,20,6780
7013,12,38,196,9,29,19,10,2690
7012,9,26,143,9,17,10,7,2497
7019,2,6,38,2,4,4,0,770
