pc,term,OR,ci_lo,ci_hi,p,beta,se,var_student,var_question,icc_student,icc_question,N,positives,prevalence,n_students,n_questions,max_vif,p_fdr
G4,(intercept),1.632855255676758,1.504015427491818,1.7727320061055123,1.3881256152033006e-31,0.4903301729972215,0.041934535653748065,0.8115057286522328,0.7496415727692839,0.16728574450155262,0.15453291847772768,17294,10389,0.6007285763848733,2693,770,3.2564690332355437,
G4,testes,1.299405038397465,1.2110930821007764,1.3941566331828978,3.0209800569542544e-13,0.26190649693673995,0.03590978137115941,0.8115057286522328,0.7496415727692839,0.16728574450155262,0.15453291847772768,17294,10389,0.6007285763848733,2693,770,3.2564690332355437,3.6251760683451052e-12
G4,alteracoes,0.9613535838325404,0.9007311810503974,1.0260560893094683,0.23562906951627738,-0.03941300445422645,0.0332323559446522,0.8115057286522328,0.7496415727692839,0.16728574450155262,0.15453291847772768,17294,10389,0.6007285763848733,2693,770,3.2564690332355437,0.43500751295312745
G4,erros_logica,1.1378461771542117,1.089528441231122,1.1883066782556893,5.4422583448465e-09,0.12913715710765336,0.022138865917628547,0.8115057286522328,0.7496415727692839,0.16728574450155262,0.15453291847772768,17294,10389,0.6007285763848733,2693,770,3.2564690332355437,3.2653550069078996e-08
G4,erros_sintaxe,0.8791434036096841,0.8434012534039649,0.9164002555023787,1.1820154564039167e-09,-0.12880725056518053,0.02117612294557214,0.8115057286522328,0.7496415727692839,0.16728574450155262,0.15453291847772768,17294,10389,0.6007285763848733,2693,770,3.2564690332355437,9.456123651231334e-09
G4,tempo,1.0637361909721141,0.9867540760119882,1.1467241043047034,0.10694191092212367,0.06178741936136484,0.038327476053431696,0.8115057286522328,0.7496415727692839,0.16728574450155262,0.15453291847772768,17294,10389,0.6007285763848733,2693,770,3.2564690332355437,0.23332780564826983
G4,delecoes,0.6759089799873076,0.6293456046904475,0.7259174384036449,5.56507379738542e-27,-0.39169685699381324,0.036417278144196354,0.8115057286522328,0.7496415727692839,0.16728574450155262,0.15453291847772768,17294,10389,0.6007285763848733,2693,770,3.2564690332355437,1.3356177113725008e-25
B8,(intercept),0.6094366641326958,0.5165367879243065,0.719044715250011,4.389676365176646e-09,-0.4952202499267479,0.08438189674593102,0.3305731107839111,3.3476462191015455,0.04744101053719864,0.48042540174728304,12484,5034,0.4032361422620955,2423,552,3.2327513858077297,
B8,testes,0.9757836485860051,0.8880246959009558,1.0722153710846944,0.6101620837194062,-0.02451438867254225,0.04808231479839823,0.3305731107839111,3.3476462191015455,0.04744101053719864,0.48042540174728304,12484,5034,0.4032361422620955,2423,552,3.2327513858077297,0.7321945004632874
B8,alteracoes,1.184844664937159,1.0851462539961831,1.2937029224034773,0.00015548240757299169,0.1696116815535621,0.0448453608854588,0.3305731107839111,3.3476462191015455,0.04744101053719864,0.48042540174728304,12484,5034,0.4032361422620955,2423,552,3.2327513858077297,0.0005330825402502572
B8,erros_logica,1.1352937295586094,1.0703735628869362,1.2041514262542028,2.403223264101123e-05,0.12689141001499848,0.0300427032027835,0.3305731107839111,3.3476462191015455,0.04744101053719864,0.48042540174728304,12484,5034,0.4032361422620955,2423,552,3.2327513858077297,9.612893056404493e-05
B8,erros_sintaxe,0.8725140542853906,0.8259438006197007,0.9217101385764325,1.0987526713072133e-06,-0.1363765169718033,0.02798572897689891,0.3305731107839111,3.3476462191015455,0.04744101053719864,0.48042540174728304,12484,5034,0.4032361422620955,2423,552,3.2327513858077297,5.274012822274623e-06
B8,tempo,0.9743043804097234,0.8842301085379404,1.0735542892281462,0.5989140247326283,-0.026031518605161053,0.049493075426801925,0.3305731107839111,3.3476462191015455,0.04744101053719864,0.48042540174728304,12484,5034,0.4032361422620955,2423,552,3.2327513858077297,0.7321945004632874
B8,delecoes,1.0366306968033405,0.9432273297437402,1.1392833600855603,0.45520453576818565,0.035975739303700335,0.04817535404447925,0.3305731107839111,3.3476462191015455,0.04744101053719864,0.48042540174728304,12484,5034,0.4032361422620955,2423,552,3.2327513858077297,0.6069393810242476
B4,(intercept),0.07659987358903297,0.05694668360549058,0.10303568640633019,1.070274712171388e-64,-2.569159852510674,0.1512652916916762,0.2587373216831183,1.938713085420358,0.04715186839607094,0.35330791733802586,3270,317,0.09694189602446483,1808,125,3.264864172489807,
B4,testes,0.8366602657054859,0.650284599590815,1.076452372777769,0.1654347254722045,-0.1783371861048949,0.12857550014776012,0.2587373216831183,1.938713085420358,0.04715186839607094,0.35330791733802586,3270,317,0.09694189602446483,1808,125,3.264864172489807,0.330869450944409
B4,alteracoes,1.2870964228756787,0.995428280785892,1.6642255738117735,0.05422309200334042,0.252388846456901,0.13110767752014732,0.2587373216831183,1.938713085420358,0.04715186839607094,0.35330791733802586,3270,317,0.09694189602446483,1808,125,3.264864172489807,0.13345353495184295
B4,erros_logica,1.2454306901782781,1.0605895981285107,1.4624861556015347,0.007413806821712618,0.21948140598081542,0.08196756522596578,0.2587373216831183,1.938713085420358,0.04715186839607094,0.35330791733802586,3270,317,0.09694189602446483,1808,125,3.264864172489807,0.022241420465137857
B4,erros_sintaxe,0.9250297106130486,0.798749467494816,1.0712745364333076,0.298048759978522,-0.0779294224038604,0.07488699875505667,0.2587373216831183,1.938713085420358,0.04715186839607094,0.35330791733802586,3270,317,0.09694189602446483,1808,125,3.264864172489807,0.4997732400804638
B4,tempo,1.0219066194186712,0.7730332128552831,1.3509033265912151,0.8790464459884748,0.02167011717515191,0.14239968485473925,0.2587373216831183,1.938713085420358,0.04715186839607094,0.35330791733802586,3270,317,0.09694189602446483,1808,125,3.264864172489807,0.8790464459884748
B4,delecoes,1.297734882004223,0.9937717158160594,1.694670714780368,0.055605639563267896,0.26062034626742014,0.13615719751339628,0.2587373216831183,1.938713085420358,0.04715186839607094,0.35330791733802586,3270,317,0.09694189602446483,1808,125,3.264864172489807,0.13345353495184295
B9,(intercept),0.0947727372744182,0.07013873529281424,0.1280586496603981,3.954989501388472e-53,-2.356273492574127,0.15357478216412557,0.2678736604247452,1.8042909956560214,0.04995748271727275,0.33649383851138026,2797,261,0.0933142652842331,1631,112,3.2098636724709353,
B9,testes,1.1202932935516428,0.852928069957838,1.4714688234364561,0.41421026053924204,0.11359052026777605,0.13911764350604766,0.2678736604247452,1.8042909956560214,0.04995748271727275,0.33649383851138026,2797,261,0.0933142652842331,1631,112,3.2098636724709353,0.5847674266436359
B9,alteracoes,1.0258850206112562,0.7962052467267153,1.3218200706931424,0.8433375934808367,0.025555674787713437,0.12931324158970986,0.2678736604247452,1.8042909956560214,0.04995748271727275,0.33649383851138026,2797,261,0.0933142652842331,1631,112,3.2098636724709353,0.8790464459884748
B9,erros_logica,0.9820163191966678,0.8254179809127408,1.1683245016084993,0.8377672503638245,-0.018147352439208463,0.08863164539701689,0.2678736604247452,1.8042909956560214,0.04995748271727275,0.33649383851138026,2797,261,0.0933142652842331,1631,112,3.2098636724709353,0.8790464459884748
B9,erros_sintaxe,0.9224926766569221,0.7834294090607036,1.0862404814569757,0.33318216005364254,-0.08067584168224778,0.08336656963568673,0.2678736604247452,1.8042909956560214,0.04995748271727275,0.33649383851138026,2797,261,0.0933142652842331,1631,112,3.2098636724709353,0.4997732400804638
B9,tempo,0.8722039226499037,0.664501370312695,1.1448278614202065,0.3244647130196556,-0.13673202616337832,0.1387685267839217,0.2678736604247452,1.8042909956560214,0.04995748271727275,0.33649383851138026,2797,261,0.0933142652842331,1631,112,3.2098636724709353,0.4997732400804638
B9,delecoes,0.9415033031736313,0.7245219099498389,1.2234667547158502,0.6519973954641561,-0.06027742247511914,0.13365604781984025,0.2678736604247452,1.8042909956560214,0.04995748271727275,0.33649383851138026,2797,261,0.0933142652842331,1631,112,3.2098636724709353,0.7451398805304641
